player_id,player_display_name,position,draft_team,position_rank_mean,overall_raw_points_rank,expected_ppr_17,expected_ppg,downside_ppr_17,median_ppr_17,upside_ppr_17,downside_ppg,median_ppg,upside_ppg,position_rank_floor,position_rank_median,position_rank_ceiling
00-0039851,Drake Maye,QB,NE,1,2,319.8687438964844,18.81580846449908,275.96026611328125,336.1390380859375,371.5679931640625,16.232956830193014,19.772884593290442,21.856940774356616,3,1,2
00-0040691,Jaxson Dart,QB,NYG,2,3,319.0822448730469,18.76954381606158,189.77569580078125,305.0415954589844,356.9814758300781,11.163276223575368,17.943623262293197,20.998910342945774,21,8,4
00-0036971,Trevor Lawrence,QB,JAX,3,4,317.7764587402344,18.69273286707261,271.1136474609375,322.41436767578125,361.64398193359375,15.947861615349264,18.965551039751837,21.273175407858457,4,4,3
00-0039732,Bo Nix,QB,DEN,4,5,316.28363037109375,18.60491943359375,281.6583251953125,309.02740478515625,351.27069091796875,16.56813677619485,18.178082634420957,20.662981818704043,2,6,7
00-0034857,Josh Allen,QB,BUF,5,7,315.1110534667969,18.535944321576288,285.32049560546875,318.2568054199219,374.2795715332031,16.783558565027572,18.720988554113053,22.016445384306067,1,5,1
00-0034796,Lamar Jackson,QB,BAL,6,8,315.0528259277344,18.53251917221967,240.51551818847656,328.1739807128906,350.93817138671875,14.14797165814568,19.304351806640625,20.643421846277572,13,2,9
00-0036389,Jalen Hurts,QB,PHI,7,10,307.8246154785156,18.107330322265625,265.57012939453125,322.69866943359375,341.1980285644531,15.621772317325368,18.982274672564337,20.07047226849724,5,3,10
00-0033873,Patrick Mahomes,QB,KC,8,11,306.1285705566406,18.007562973920038,257.49298095703125,303.23260498046875,340.16717529296875,15.146645938648897,17.837212057674634,20.009833840762866,7,9,11
00-0026498,Matthew Stafford,QB,LA,9,13,298.339599609375,17.549388212316178,255.1902313232422,300.1999816894531,322.05706787109375,15.011190077837776,17.658822452320774,18.944533404181986,9,10,13
00-0036355,Justin Herbert,QB,LAC,10,16,293.621337890625,17.271843405330884,258.88909912109375,298.5338439941406,351.1476745605469,15.228770536534926,17.56081435259651,20.65574556238511,6,11,8
00-0039918,Caleb Williams,QB,CHI,11,17,293.1566162109375,17.2445068359375,216.5081024169922,276.63092041015625,356.13323974609375,12.735770730411305,16.272407082950366,20.9490141027114,14,16,5
00-0039910,Jayden Daniels,QB,WAS,12,18,291.62841796875,17.154612821691178,168.2878875732422,305.3810729980469,353.1380310058594,9.899287504308363,17.963592529296875,20.772825353285846,23,7,6
00-0033077,Dak Prescott,QB,DAL,13,21,286.0295104980469,16.825265323414524,240.58180236816406,281.71356201171875,324.0732421875,14.151870727539062,16.571386000689337,19.06313189338235,12,13,12
00-0036442,Joe Burrow,QB,CIN,14,22,283.684326171875,16.687313304227942,213.42503356933594,278.75665283203125,314.9419860839844,12.554413739372702,16.397450166590072,18.525999181410846,15,14,18
00-0033106,Jared Goff,QB,DET,15,23,282.4382019042969,16.614011876723346,255.93182373046875,277.39617919921875,296.4314270019531,15.054813160615808,16.3174223058364,17.437142764820774,8,15,23
00-0034855,Baker Mayfield,QB,TB,16,25,270.7953186035156,15.929136388442096,241.90289306640625,282.2017517089844,309.1732482910156,14.229581945082721,16.600103041704962,18.18666166417739,11,12,19
00-0035710,Daniel Jones,QB,IND,17,26,270.6811828613281,15.922422521254596,207.42453002929688,269.74957275390625,319.8017578125,12.201442942899817,15.867621926700368,18.81186810661765,17,17,14
00-0036264,Jordan Love,QB,GB,18,27,268.4427185058594,15.790748147403493,243.60116577148438,267.11578369140625,292.4628601074219,14.329480339499082,15.712693158318014,17.20369765337776,10,19,24
00-0033119,Jacoby Brissett,QB,ARI,19,29,266.79827880859375,15.694016400505514,197.85157775878906,261.9823913574219,285.5881042480469,11.63832810345818,15.410728903377757,16.79930024988511,18,20,28
00-0039163,C.J. Stroud,QB,HOU,20,33,248.4259490966797,14.613291123334099,192.6960906982422,239.09022521972656,307.9417419433594,11.33506415872013,14.064130895278034,18.11422011431526,20,24,20
00-0034869,Sam Darnold,QB,SEA,21,38,239.73153686523438,14.101855109719668,210.11671447753906,255.23985290527344,301.0514831542969,12.359806733972887,15.014108994427849,17.70891077378217,16,21,22
00-0040743,Tyler Shough,QB,NO,22,39,239.55555725097656,14.091503367704505,156.90858459472656,219.21812438964844,282.84228515625,9.229916740866269,12.89518378762638,16.637781479779413,24,30,30
00-0032268,Marcus Mariota,QB,WAS,23,40,237.30259704589844,13.958976296817555,116.68480682373047,241.3099822998047,317.80963134765625,6.863812166101792,14.194704841164981,18.694684196920957,33,23,16
00-0035228,Kyler Murray,QB,MIN,24,42,233.49111938476562,13.734771728515625,123.18973541259766,234.1298828125,303.1480712890625,7.246455024270451,13.772346047794118,17.832239487591913,32,28,21
00-0039150,Bryce Young,QB,CAR,25,43,232.17532348632812,13.657371969784007,193.85916137695312,237.02565002441406,288.748046875,11.403480080997243,13.942685295553769,16.985179227941178,19,26,26
00-0037834,Brock Purdy,QB,SF,26,49,225.88104248046875,13.287120145909926,128.21371459960938,267.3229064941406,316.08526611328125,7.541983211741728,15.724876852596507,18.593250947840072,30,18,17
00-0023459,Aaron Rodgers,QB,PIT,27,53,221.9169158935547,13.05393622903263,173.05996704101562,252.44903564453125,282.60223388671875,10.179998061236214,14.849943273207721,16.623660816865808,22,22,31
00-0040676,Cam Ward,QB,TEN,28,54,221.3772430419922,13.022190767176012,156.770751953125,236.21617126464844,289.33526611328125,9.221808938419118,13.895068897920495,17.019721536075366,25,27,25
00-0032950,Carson Wentz,QB,MIN,29,55,220.96531677246094,12.997959810144762,131.06478881835938,230.1898193359375,278.6603698730469,7.709693459903493,13.540577607996324,16.391786463120404,28,29,32
00-0039917,Michael Penix Jr.,QB,ATL,30,56,220.77044677734375,12.986496869255514,130.23379516601562,217.28839111328125,286.82269287109375,7.6608114803538605,12.781670065487132,16.871923110064337,29,31,27
00-0036945,Justin Fields,QB,KC,31,59,216.46011352539062,12.732947854434743,102.08820343017578,237.4154815673828,285.0114440917969,6.0051884370691635,13.965616562787224,16.765379064223346,34,25,29
00-0036972,Mac Jones,QB,SF,32,72,206.20892333984375,12.129936667049632,126.44579315185547,205.71360778808594,276.1943359375,7.4379878324620865,12.100800458122702,16.24672564338235,31,33,33
00-0039923,J.J. McCarthy,QB,MIN,33,93,185.1346893310547,10.890275843003216,61.456871032714844,212.36672973632812,318.2672424316406,3.615110060747932,12.492160572725183,18.72160249597886,39,32,15
00-0030565,Geno Smith,QB,NYJ,34,98,180.9874725341797,10.646321913775276,137.2369384765625,198.67575073242188,264.5819091796875,8.072761086856618,11.68680886661305,15.563641716452207,27,34,35
00-0039376,Spencer Rattler,QB,NO,35,103,177.65919494628906,10.450540879193474,92.676361083984375,171.9935302734375,232.07183837890625,5.451550651999081,10.117266486672793,13.651284610523897,35,39,40
00-0036212,Tua Tagovailoa,QB,ATL,36,104,176.04234313964844,10.355431949391084,139.0883026123047,195.20855712890625,265.7127990722656,8.181664859547334,11.482856301700368,15.630164651309743,26,35,34
00-0039164,Anthony Richardson,QB,IND,37,109,173.46237182617188,10.203668930951286,38.531219482421875,180.0319366455078,236.95123291015625,2.2665423224954044,10.590113920323988,13.938307818244486,47,37,39
00-0040704,Dillon Gabriel,QB,CLE,38,118,165.17453002929688,9.716148825252757,52.40837097167969,150.94276428222656,239.3516082763672,3.082845351275276,8.87898613424862,14.07950636919807,41,44,38
00-0038128,Malik Willis,QB,MIA,39,132,154.85089111328125,9.108875947840074,54.92268371582031,177.3081817626953,230.4139862060547,3.2307461009306064,10.42989304486443,13.553763894473805,40,38,42
00-0036898,Davis Mills,QB,HOU,40,134,154.45291137695312,9.08546537511489,62.06779479980469,155.1245574951172,246.00196838378906,3.6510467529296875,9.124973970301012,14.470704022575827,38,43,37
00-0029604,Kirk Cousins,QB,LV,41,138,152.93801879882812,8.99635404698989,66.71155548095703,163.62002563476562,249.04905700683594,3.924209145938649,9.624707390280332,14.64994452981388,36,41,36
00-0031345,Jimmy Garoppolo,QB,NA,42,140,152.1732940673828,8.9513702392578125,6.554283618927002,189.9119873046875,224.09852600097656,0.38554609523100014,11.171293370863971,13.182266235351562,72,36,44
00-0037012,Trey Lance,QB,LAC,43,155,142.60035705566406,8.388256297392005,65.16627502441406,142.10693359375,225.82412719726562,3.8333102955537686,8.359231387867647,13.28377218807445,37,45,43
00-0031503,Jameis Winston,QB,NYG,44,156,138.5636444091797,8.1508026123046875,40.22864532470703,163.90887451171875,231.59600830078125,2.3663909014533546,9.641698500689339,13.623294605928308,45,40,41
00-0035704,Drew Lock,QB,SEA,45,163,136.07693481445312,8.004525577320772,16.705049514770508,126.29646301269531,199.83453369140625,0.9826499714570887,7.429203706629136,11.754972570082721,60,52,51
00-0033869,Mitchell Trubisky,QB,TEN,46,164,135.3506622314453,7.961803660673254,41.71224594116211,133.1216583251953,215.08633422851562,2.453661525950712,7.830685783835018,12.652137307559743,44,50,46
00-0029263,Russell Wilson,QB,NA,47,165,134.91453552246094,7.936149148380055,30.847881317138672,135.40638732910156,211.94898986816406,1.8145812539493336,7.965081607594209,12.467587639303769,53,48,47
00-0033949,Joshua Dobbs,QB,NA,48,172,132.92904663085938,7.819355684168198,11.95409107208252,163.3603515625,196.92819213867188,0.70318182776956,9.609432444852942,11.584011302274817,63,42,54
00-0037013,Zach Wilson,QB,NO,49,174,129.93125915527344,7.64301524442785,36.45191192626953,123.02299499511719,197.71505737304688,2.1442301133099724,7.2366467644186585,11.630297492532168,49,53,52
00-0027973,Andy Dalton,QB,PHI,50,177,126.17042541503906,7.421789730296416,31.526622772216797,119.45174407958984,201.4848175048828,1.8545072218951058,7.026573181152344,11.852048088522519,51,54,49
00-0022942,Philip Rivers,QB,NA,51,181,124.18153381347656,7.3047961066750915,45.13750076293945,133.01239013671875,218.060546875,2.655147103702321,7.824258243336397,12.827090992647058,43,51,45
00-0035993,Tyler Huntley,QB,BAL,52,183,122.78160858154297,7.222447563620174,45.88761520385742,134.620849609375,196.9942626953125,2.6992714825798485,7.918873506433823,11.587897805606618,42,49,53
00-0040668,Shedeur Sanders,QB,CLE,53,189,120.69274139404297,7.099573023178998,38.531761169433594,136.47003173828125,191.47467041015625,2.2665741864372704,8.02764892578125,11.263215906479779,46,47,55
00-0034771,Mason Rudolph,QB,PIT,54,207,111.61764526367188,6.565743839039522,18.319761276245117,117.75896453857422,206.19448852539062,1.0776330162497127,6.926997914033778,12.129087560317096,57,55,48
00-0038102,Kenny Pickett,QB,CAR,55,208,110.6033706665039,6.506080627441406,37.083160400390625,108.09273529052734,160.01565551757812,2.181362376493566,6.358396193560432,9.412685618681067,48,56,65
00-0031237,Teddy Bridgewater,QB,DET,56,215,107.32760620117188,6.313388600068934,21.627914428710938,99.6366958618164,179.6105499267578,1.272230260512408,5.860982109518612,10.56532646627987,54,60,59
00-0038400,Tanner McKee,QB,PHI,57,217,105.12405395507812,6.183767879710478,19.946054458618164,106.62381744384766,178.039306640625,1.173297321095186,6.271989261402803,10.472900390625,55,58,60
00-0039398,Joe Milton III,QB,DAL,58,219,104.70458221435547,6.159093071432674,8.25990104675293,140.45135498046875,201.32496643066406,0.48587653216193705,8.261844410615808,11.84264508415671,68,46,50
00-0040234,Quinn Ewers,QB,MIA,59,223,103.53189849853516,6.090111676384421,18.656841278076172,81.28311920166016,171.9508819580078,1.0974612516515396,4.781359953038833,10.114757762235755,56,66,61
00-0038579,Aidan O'Connell,QB,LV,60,227,101.57471466064453,5.974983215332031,32.6929817199707,103.92718505859375,170.4620361328125,1.9231165717629826,6.113363826976103,10.027178596047793,50,59,62
00-0040673,Jalen Milroe,QB,SEA,61,229,100.12833404541016,5.889902002671185,8.088074684143066,75.90229797363281,168.06198120117188,0.4757690990672392,4.464841057272518,9.885998894186582,69,69,64
00-0028118,Tyrod Taylor,QB,GB,62,235,98.011810302734375,5.765400606043198,31.35481834411621,107.31829071044922,183.39804077148438,1.8444010790656595,6.312840630026424,10.788120045381433,52,57,58
00-0035289,Gardner Minshew,QB,ARI,63,265,84.59184265136719,4.97599074419807,16.809059143066406,79.58624267578125,145.6824951171875,0.9887681848862592,4.681543686810662,8.569558536305147,58,67,70
00-0040206,Riley Leonard,QB,IND,64,267,84.0168685913086,4.9421687406652115,16.721893310546875,98.38075256347656,168.94309997558594,0.9836407829733456,5.787103091969209,9.937829410328584,59,61,63
00-0037324,Chris Oladokun,QB,KC,65,269,83.20464324951172,4.894390779383042,4.509373188018799,77.92325592041016,153.44180297851562,0.265257246354047,4.583720936494715,9.025988410500918,74,68,67
00-0026300,Josh Johnson,QB,CIN,66,270,83.14556884765625,4.8909158145680145,11.800289154052734,90.62901306152344,187.25054931640625,0.6941346561207491,5.331118415383732,11.014738195082721,64,63,56
00-0034955,Brett Rypien,QB,NA,67,286,79.4969253540039,4.676289726706112,0,82.18470764160156,186.411865234375,0,4.8343945671530335,10.965403837316176,78,65,57
00-0036679,Shane Buechele,QB,BUF,68,289,77.8749771118164,4.580881006577435,11.15217113494873,73.32621002197266,139.20123291015625,0.65601006676169,4.313306471880744,8.188307818244486,65,70,74
00-0034577,Kyle Allen,QB,BUF,69,291,76.07372283935547,4.474924872903263,7.448379039764404,64.96925354003906,143.80564880371094,0.4381399435155532,3.821720796472886,8.459155811982995,70,71,71
00-0033319,Nick Mullens,QB,JAX,70,297,73.82865905761719,4.342862297506893,9.992841720581055,45.94925308227539,146.39056396484375,0.5878142188577091,2.7028972401338467,8.611209644990808,66,78,69
00-0040494,Max Brosmer,QB,MIN,71,298,73.702484130859375,4.335440242991728,14.765120506286621,58.56342697143555,134.8206329345703,0.8685365003698012,3.4449074689079735,7.93062546673943,61,74,75
00-0038658,Adrian Martinez,QB,SF,72,303,71.3143539428711,4.194961996639476,6.546310901641846,62.04682540893555,140.3481903076172,0.385077111861285,3.6498132593491497,8.25577590044807,73,72,73
00-0035264,Jarrett Stidham,QB,DEN,73,307,70.52421569824219,4.1484832763671875,7.025711536407471,56.6616325378418,147.41867065429688,0.41327714920043945,3.333037208108341,8.671686509076286,71,75,68
00-0040398,Brady Cook,QB,NYJ,74,315,67.68824005126953,3.981661179486443,0,93.43090057373047,154.49331665039062,0,5.495935327866498,9.087842155905332,78,62,66
00-0038416,Tyson Bagent,QB,CHI,75,326,63.42477035522461,3.730868844424977,4.040886878967285,55.07817459106445,132.813720703125,0.2376992281745462,3.2398926230037914,7.812571806066177,75,76,77
00-0038582,Clayton Tune,QB,NA,76,330,62.6152229309082,3.6832484077004826,0,59.83352279663086,133.81228637695312,0,3.5196189880371094,7.871310963350184,78,73,76
00-0039577,Kedon Slovis,QB,ARI,77,340,59.289947509765625,3.487643971162684,0.8718715310096741,37.758975982666016,123.48665618896484,0.051286560647627884,2.2211162342744717,7.263920952292049,77,79,79
00-0033662,Cooper Rush,QB,NA,78,355,54.29460525512695,3.193800309125115,9.1243743896484375,54.72293472290039,132.7206268310547,0.5367279052734375,3.218996160170611,7.807095695944393,67,77,78
00-0035100,Jake Browning,QB,TB,79,375,48.75825119018555,2.868132422952091,2.080488681793213,84.55708312988281,143.57736206054688,0.12238168716430664,4.973946066463695,8.445727180032168,76,64,72
00-0032434,Brandon Allen,QB,NYG,80,418,37.0844841003418,2.1814402411965763,14.342567443847656,27.2449951171875,121.96385955810547,0.8436804378733915,1.6026467715992647,7.174344679888557,62,80,80
00-0038542,Bijan Robinson,RB,ATL,1,1,323.96739075214174,19.05690533836128,214.72122192382812,301.3684387207031,426.6482849121094,12.63066011316636,17.72755521886489,25.096957936006433,3,1,2
00-0039139,Jahmyr Gibbs,RB,DET,2,14,297.34589156706807,17.490934798062828,221.7991180419922,301.1717529296875,440.22930908203125,13.047006943646599,17.715985466452207,25.89584171070772,2,2,1
00-0039040,De'Von Achane,RB,MIA,3,15,294.1163279094725,17.30096046526309,212.7925567626953,269.85693359375,352.6083984375,12.517209221335019,15.873937270220589,20.74167049632353,4,5,5
00-0033280,Christian McCaffrey,RB,SF,4,19,291.0447567501057,17.120279808829746,189.99734497070312,253.18711853027344,359.5972595214844,11.17631441004136,14.893359913545495,21.152779971852024,9,6,4
00-0036223,Jonathan Taylor,RB,IND,5,24,280.88960630546126,16.52291801796831,222.18087768554688,290.9640808105469,335.1678771972656,13.069463393267464,17.115534165326288,19.715757482192096,1,3,6
00-0040122,Ashton Jeanty,RB,LV,6,28,268.2662149416292,15.780365584801716,197.47959899902344,251.5648956298828,362.7788391113281,11.616446999942555,14.79793503705193,21.339931712431067,7,8,3
00-0037248,James Cook,RB,BUF,7,31,251.5248705076951,14.795580618099713,205.74472045898438,282.4107666015625,323.3833923339844,12.102630615234375,16.61239803538603,19.022552490234375,5,4,7
00-0038120,Breece Hall,RB,NYJ,8,44,232.06881768653537,13.651106922737375,181.60935974121094,217.04505920410156,237.43154907226562,10.68290351418888,12.76735642377068,13.966561710133272,15,16,21
00-0037840,Kyren Williams,RB,LA,9,46,227.15963359151547,13.362331387736205,186.64059448242188,230.94387817382812,252.631591796875,10.978858498965993,13.584934010225183,14.860681870404411,12,12,17
00-0038597,Chase Brown,RB,CIN,10,47,226.9532562711094,13.350191545359378,182.5695037841797,189.7762451171875,260.6430358886719,10.739382575539981,11.163308536305147,15.331943287568933,14,21,16
00-0036997,Javonte Williams,RB,DAL,11,48,226.24598223900807,13.308587190529886,198.71067810058594,252.43663024902344,281.1213684082031,11.688863417681526,14.849213544060202,16.536551082835476,6,7,10
00-0034844,Saquon Barkley,RB,PHI,12,51,223.99685044493657,13.176285320290386,168.21914672851562,220.02651977539062,262.69183349609375,9.8952439252068,12.942736457375918,15.452460793887868,17,15,15
00-0035700,Josh Jacobs,RB,GB,13,58,217.43972507502522,12.790572063236779,189.96353149414062,234.07162475585938,264.84063720703125,11.174325382008272,13.768919103285846,15.578861012178308,10,11,14
00-0039361,Bucky Irving,RB,TB,14,61,215.99175037050685,12.70539708061805,161.62701416015625,184.6512908935547,251.36570739746094,9.507471421185661,10.861840640797334,14.786218082203584,18,22,18
00-0032764,Derrick Henry,RB,BAL,15,63,215.03143688008745,12.648908051769851,148.58795166015625,228.55508422851562,281.8475341796875,8.740467744715074,13.44441671932445,16.579266716452207,22,13,9
00-0036275,D'Andre Swift,RB,CHI,16,66,212.83136440340195,12.519492023729526,185.5093994140625,223.31427001953125,277.4126281738281,10.912317612591911,13.136133530560661,16.318389892578125,13,14,11
00-0040784,Quinshon Judkins,RB,CLE,17,68,208.08422494980252,12.240248526458972,130.9048614501953,204.28500366210938,245.79026794433594,7.700285967658548,12.01676492130055,14.458251055549173,26,18,19
00-0036973,Travis Etienne,RB,NO,18,71,206.4219753754055,12.142469139729736,187.14431762695312,238.35952758789062,275.4759826660156,11.008489272173714,14.021148681640625,16.204469568589154,11,10,12
00-0037228,Jaylen Warren,RB,PIT,19,74,205.1176973676656,12.06574690398033,173.06163024902344,204.1966094970703,221.622314453125,10.18009589700138,12.011565264533548,13.036606732536764,16,19,24
00-0040666,Omarion Hampton,RB,LAC,20,76,203.4179877686931,11.965763986393712,193.2150115966797,245.318359375,317.9866638183594,11.365588917451745,14.430491727941176,18.705097871668197,8,9,8
00-0040715,Cam Skattebo,RB,NYG,21,79,200.65530056873178,11.803252974631281,158.78367614746094,202.22805786132812,267.37164306640625,9.34021624396829,11.89576810948989,15.727743709788603,19,20,13
00-0035261,Tony Pollard,RB,TEN,22,83,194.21782827292805,11.42457813370165,111.35692596435547,154.26031494140625,195.17803955078125,6.550407409667969,9.074136173023897,11.481061150045957,29,30,32
00-0040734,TreVeyon Henderson,RB,NE,23,86,193.35770194025744,11.373982467073967,150.4191131591797,208.6241455078125,245.77651977539062,8.84818312701057,12.272008559283089,14.45744233972886,21,17,20
00-0038134,Kenneth Walker III,RB,KC,24,88,188.55569321997535,11.091511365880903,116.01663208007812,175.1061248779297,223.90773010253906,6.8245077694163605,10.30036028693704,13.17104294720818,28,24,23
00-0036139,Rico Dowdle,RB,PIT,25,96,181.44895208926621,10.673467769956837,142.1260986328125,169.7952117919922,183.29026794433594,8.360358743106618,9.98795363482307,10.78178046731388,23,25,35
00-0039165,Zach Charbonnet,RB,SEA,26,97,181.36164990922578,10.668332347601517,97.92756652832031,160.83241271972656,207.98147583007812,5.760445089901195,9.460730159983916,12.234204460592832,34,26,26
00-0040730,RJ Harvey,RB,DEN,27,100,180.19240788315366,10.599553404891392,151.16006469726562,182.27691650390625,219.24171447753906,8.89176851160386,10.722171559053308,12.896571439855238,20,23,25
00-0039384,Tyrone Tracy Jr.,RB,NYG,28,102,178.319067496785,10.48935691157559,130.37515258789062,149.21478271484375,178.96771240234375,7.669126622817096,8.777340159696692,10.527512494255514,27,31,40
00-0036875,Rhamondre Stevenson,RB,NE,29,107,175.09707670459122,10.299828041446542,140.0967254638672,158.32028198242188,187.90977478027344,8.240983850815716,9.312957763671875,11.053516163545495,24,27,33
00-0040583,Woody Marks,RB,HOU,30,119,165.11781357987374,9.712812563521984,109.61892700195312,137.57998657226562,184.3218536376953,6.448172176585478,8.09294038660386,10.84246197868796,31,33,34
00-0036158,J.K. Dobbins,RB,DEN,31,120,164.74078170642173,9.690634218024808,101.4244155883789,155.81658935546875,178.65426635742188,5.966142093434053,9.165681726792279,10.50907449161305,33,29,41
00-0040236,Kyle Monangai,RB,CHI,32,128,158.9960422832609,9.352708369603581,93.05738067626953,118.499755859375,201.22450256347656,5.473963569192326,6.970573874080882,11.836735444910387,37,41,28
00-0033906,Alvin Kamara,RB,NO,33,133,154.5213734384217,9.089492555201277,110.05327606201172,156.3695526123047,226.59188842773438,6.473722121294807,9.198208977194394,13.32893461339614,30,28,22
00-0036555,Chuba Hubbard,RB,CAR,34,135,154.13832900104345,9.066960529473144,95.197509765625,126.61345672607422,179.8603973388672,5.599853515625,7.447850395651424,10.58002337287454,35,36,38
00-0036919,Kenny Gainwell,RB,TB,35,142,151.69196270987487,8.92305662999264,134.0311737060547,139.56771850585938,195.86085510253906,7.884186688591452,8.209865794462317,11.521226770737591,25,32,31
00-0033293,Aaron Jones,RB,MIN,36,145,149.40370099886078,8.788452999932987,93.85777282714844,122.57131958007812,167.31893920898438,5.521045460420496,7.210077622357537,9.842290541704964,36,39,43
00-0040242,Jacory Croskey-Merritt,RB,WAS,37,146,149.32334853933145,8.783726384666556,78.79692077636719,104.29285430908203,156.9156036376953,4.635112986845129,6.134873782887178,9.230329625746784,41,45,47
00-0039391,Kimani Vidal,RB,LAC,38,149,146.24573698628075,8.602690410957692,101.53276062011719,127.59835052490234,178.97982788085938,5.972515330595129,7.505785324994256,10.528225169462317,32,35,39
00-0039032,Tyjae Spears,RB,TEN,39,157,138.3796978454202,8.139982226201187,87.91844940185547,112.70459747314453,204.96334838867188,5.171673494226792,6.629682204302619,12.056667552274817,39,43,27
00-0035685,David Montgomery,RB,HOU,40,168,134.2266371174072,7.89568453631807,75.76300048828125,122.8838882446289,181.9522705078125,4.456647087545956,7.228464014389935,10.703074735753676,42,37,37
00-0037256,Rachaad White,RB,WAS,41,169,133.39305486352427,7.8466502860896625,91.5762939453125,119.65673828125,176.1069793701172,5.3868408203125,7.038631663602941,10.35923408059513,38,40,42
00-0039373,Audric Estimé,RB,NO,42,171,132.95047870430628,7.8206163943709575,71.03208923339844,97.799224853515625,160.59713745117188,4.1783581901999085,5.752895579618566,9.446890438304228,44,47,45
00-0039921,Trey Benson,RB,ARI,43,173,130.20816436953984,7.6593037864435205,60.237911224365234,122.67867279052734,196.75082397460938,3.54340654260972,7.216392517089844,11.573577880859375,46,38,30
00-0040162,Dylan Sampson,RB,CLE,44,175,128.5824435506322,7.5636731500371885,52.05970764160156,89.00109100341797,148.16043090820312,3.0623357436236214,5.235358294318704,8.715319465188418,50,57,49
00-0039738,Blake Corum,RB,LA,45,176,128.46596348428002,7.556821381428237,75.740386962890625,118.38545989990234,158.9899444580078,4.455316880170037,6.963850582347197,9.35234967400046,43,42,46
00-0037525,Jordan Mason,RB,MIN,46,178,126.14107523198753,7.420063248940443,85.0093765258789,107.69792175292969,148.0239715576172,5.000551560345818,6.335171867819393,8.707292444565716,40,44,50
00-0033553,James Conner,RB,ARI,47,185,122.62813379489124,7.213419634993603,49.778236389160156,132.598388671875,197.2864990234375,2.9281315523035385,7.799905215992647,11.605088177849264,53,34,29
00-0037157,Bam Knight,RB,ARI,48,194,116.04319159471675,6.826070093806868,34.03470230102539,76.149200439453125,162.51873779296875,2.002041311825023,4.479364731732537,9.559925752527574,70,66,44
00-0040202,Devin Neal,RB,NO,49,195,115.89143508838173,6.817143240493043,51.96805191040039,94.5467758178711,156.47592163085938,3.0569442300235523,5.561575048110065,9.204465978285846,51,49,48
00-0040021,Phil Mafah,RB,DAL,50,197,114.84971047117328,6.755865321833722,20.958602905273438,73.03926849365234,147.86209106445312,1.2328589944278492,4.296427558450138,8.69777006261489,85,70,51
00-0037263,Tyler Allgeier,RB,ARI,51,203,112.90249248426485,6.641323087309697,51.63669204711914,92.474395751953125,138.09231567382812,3.0374524733599495,5.439670338350184,8.123077392578125,52,53,57
00-0040719,Bhayshul Tuten,RB,JAX,52,211,109.72135704768492,6.45419747339323,48.789306640625,100.58891296386719,146.49826049804688,2.8699592141544117,5.916994880227482,8.617544735179228,55,46,53
00-0039874,Jaylen Wright,RB,MIA,53,213,108.02032957300851,6.354137033706383,42.09676742553711,87.19046783447266,116.56753540039062,2.4762804367963005,5.128851049086627,6.856913847081802,63,58,70
00-0034975,Justice Hill,RB,BAL,54,216,106.68215341248752,6.275420788969854,45.641395568847656,78.28963470458984,108.90284729003906,2.6847879746380974,4.605272629681756,6.4060498405905335,56,65,78
00-0036924,Michael Carter,RB,TEN,55,218,104.99551816634398,6.176206950961411,59.56728744506836,97.30646514892578,182.76358032226562,3.503958085004021,5.723909714642693,10.750798842486214,47,48,36
00-0037197,Isiah Pacheco,RB,DET,56,221,104.22714505260377,6.131008532506105,61.1459846496582,90.07862091064453,133.4143829345703,3.5968226264504826,5.298742406508502,7.847904878504136,45,56,59
00-0040078,Brashard Smith,RB,KC,57,228,100.5675379725115,5.915737527794795,43.39518737792969,74.86046600341797,128.11825561523438,2.5526580810546875,4.403556823730469,7.536367977366728,61,68,61
00-0035250,Devin Singletary,RB,NYG,58,230,100.0691253499178,5.886419138230458,53.83734130859375,92.49433898925781,146.6629180908203,3.1669024299172794,5.4408434699563415,8.627230475930606,48,52,52
00-0038611,Chris Rodriguez Jr.,RB,JAX,59,231,99.74537734664595,5.867375138037997,20.448823928833008,74.895050048828125,133.10671997070312,1.2028719958137064,4.405591179342831,7.829807057100184,87,67,60
00-0039798,Isaiah Davis,RB,NYJ,60,241,95.41525945361906,5.612662320801121,39.64360046386719,85.76366424560547,139.44728088378906,2.3319764978745403,5.0449214262120865,8.20278122845818,65,60,56
00-0038951,Sean Tucker,RB,TB,61,244,94.41977740003047,5.5541045529429685,42.899169921875,83.01519775390625,126.57843780517578,2.523480583639706,4.883246926700368,7.445790459127987,62,63,64
00-0039794,Braelon Allen,RB,NYJ,62,248,94.01907655343146,5.530533914907733,35.528045654296875,64.84580993652344,109.42408752441406,2.0898850384880516,3.8144594080307903,6.436711030847886,68,74,76
00-0039405,Jawhar Jordan,RB,HOU,63,249,94.00847128213537,5.529910075419728,34.512237548828125,59.66401290893555,127.22293853759766,2.0301316205193016,3.509647818172679,7.4837022669175095,69,76,63
00-0035537,Ty Johnson,RB,BUF,64,250,91.97729375629204,5.410429044487767,43.91947937011719,90.6863021850586,113.36328887939453,2.5834987864774814,5.334488363826976,6.668428757611443,58,55,73
00-0038797,Emanuel Wilson,RB,SEA,65,251,90.48083344013781,5.322401967066931,53.12565231323242,86.36749267578125,137.99766540527344,3.125038371366613,5.080440745634191,8.117509729721966,49,59,58
00-0040198,Ollie Gordon II,RB,MIA,66,257,87.34818951499828,5.138128794999899,41.7157096862793,72.09517669677734,103.76055908203125,2.453865275663488,4.240892746869256,6.1035622989430145,64,71,82
00-0038551,Kendre Miller,RB,NO,67,262,86.04566523848841,5.061509719911083,43.45632553100586,93.466400146484375,146.4130401611328,2.556254443000345,5.498023538028493,8.612531774184284,60,50,54
00-0033526,Samaje Perine,RB,CIN,68,271,82.70707009805595,4.86512177047388,43.91087341308594,85.31333923339844,119.6412353515625,2.5829925537109375,5.018431719611673,7.0377197265625,59,61,69
00-0038794,Jaleel McLaughlin,RB,DEN,69,274,82.13596183386326,4.831527166697839,33.81999969482422,61.89508056640625,111.47065734863281,1.9894117467543657,3.640887092141544,6.557097491096048,71,75,75
00-0039875,Ray Davis,RB,BUF,70,279,80.74813700074418,4.749890411808481,44.97288513183594,92.01731872558594,109.14088439941406,2.645463831284467,5.412783454446232,6.420052023494945,57,54,77
00-0038705,Emari Demercado,RB,KC,71,283,80.05257177099477,4.708974810058516,27.816129684448242,83.69419860839844,141.75997924804688,1.6362429226146025,4.923188153435202,8.33882230870864,80,62,55
00-0040586,Jaydon Blue,RB,DAL,72,287,79.21396521964637,4.659645012920374,28.572181701660156,65.24811553955078,108.34490966796875,1.6807165706858915,3.8381244435029873,6.37322998046875,79,73,79
00-0037746,Brian Robinson,RB,ATL,73,290,77.73280714069648,4.572518067099793,49.35847854614258,93.00294494628906,111.6046142578125,2.9034399144789753,5.470761467428768,6.564977309283088,54,51,74
00-0040466,Raheim Sanders,RB,CLE,74,292,75.77459367666505,4.4573290398038266,6.925573825836182,50.01191329956055,105.27839660644531,0.40738669563742247,2.9418772529153263,6.192846859202666,111,87,81
00-0037329,Brittain Brown,RB,CHI,75,295,74.55004737271398,4.3852969042772925,19.30497169494629,59.39226150512695,106.1029281616211,1.1355865702909582,3.493662441478056,6.241348715389476,89,78,80
00-0040179,DJ Giddens,RB,IND,76,300,73.29308844394133,4.311358143761255,25.037811279296875,58.343563079833984,100.8556137084961,1.4728124281939339,3.431974298813764,5.932683159323299,84,79,83
00-0040547,Nate Carter,RB,ATL,77,302,71.51849790732804,4.206970465136943,17.568050384521484,50.075653076171875,120.04934692382812,1.0334147285012638,2.945626651539522,7.061726289636948,90,86,68
00-0033955,Jeremy McNichols,RB,WAS,78,306,70.82399952115487,4.166117618891463,30.238723754882812,69.06257629394531,122.02368927001953,1.7787484561695772,4.062504487879136,7.177864074707031,75,72,65
00-0038454,Keaton Mitchell,RB,LAC,79,310,69.45011665385816,4.085300979638715,29.20905303955078,80.03996276855469,120.48200988769531,1.7181795905618107,4.708233104032629,7.087177052217371,77,64,67
00-0040238,LeQuint Allen Jr.,RB,JAX,80,311,69.33235436960075,4.078373786447103,25.826852798461914,37.725189208984375,74.23187255859375,1.519226635203642,2.219128776999081,4.366580738740809,82,93,95
00-0037563,Malik Davis,RB,DAL,81,313,68.91660687760498,4.053918051623822,37.19671630859375,73.543548583984375,115.52355194091797,2.1880421357996322,4.326091093175552,6.7955030553481155,67,69,71
00-0036755,Jaret Patterson,RB,LAC,82,317,66.95962808469858,3.938801652041093,31.08640480041504,59.64741897583008,92.9996566772461,1.8286120470832377,3.5086717044605926,5.470568039838006,74,77,85
00-0037267,Jerome Ford,RB,WAS,83,320,65.70626151904096,3.86507420700241,37.84257888793945,52.003265380859375,62.254905700683594,2.2260340522317326,3.0590156106387867,3.6620532765108,66,83,102
00-0039021,Roschon Johnson,RB,CHI,84,321,65.28156724068573,3.8400921906285723,32.647518157958984,44.56861114501953,49.52824783325195,1.9204422445858227,2.6216830085305607,2.9134263431324676,72,91,112
00-0040556,Corey Kiner,RB,ARI,85,332,61.749443635468324,3.6323202138510777,14.608455657958984,57.51394271850586,127.47752380371094,0.8593209210564109,3.38317310108858,7.498677870806525,95,80,62
00-0040142,Kaleb Johnson,RB,PIT,86,334,61.09505734661699,3.593826902742176,29.416423797607422,50.29711151123047,114.9964370727539,1.7303778704474955,2.958653618307675,6.7644962983972885,76,85,72
00-0038440,Zavier Scott,RB,MIN,87,336,59.49169040526918,3.4995112003099518,29.19704246520996,53.55012130737305,79.8951187133789,1.7174730861888212,3.1500071357278263,4.699712865492877,78,81,92
00-0040067,Jacardia Wright,RB,SEA,88,337,59.477750299430085,3.4986911940841225,12.614429473876953,48.73162841796875,121.04780578613281,0.7420252631692326,2.8665663775275734,7.120459163890166,96,88,66
00-0040644,Trevor Etienne,RB,CAR,89,342,58.180745168571946,3.422396774621879,20.210195541381836,44.657020568847656,81.88648986816406,1.1888350318459904,2.6268835628733918,4.816852345186121,88,90,91
00-0039746,Will Shipley,RB,PHI,90,349,56.363484789744206,3.3154991052790708,8.39746379852295,34.50397872924805,60.23409652709961,0.4939684587366441,2.0296458076028263,3.5431821486529183,102,96,107
00-0038738,Hunter Luepke,RB,DAL,91,350,56.345430324053126,3.314437077885478,17.12084197998047,34.178749084472656,49.96453094482422,1.007108351763557,2.0105146520278034,2.9390900555778954,92,97,111
00-0038685,Chris Brooks,RB,GB,92,357,54.00625898552587,3.176838763854463,20.6547908782959,35.31024169921875,62.21792221069336,1.2149876987232882,2.0770730411305145,3.6598777770996094,86,95,103
00-0040039,Amar Johnson,RB,LAC,93,359,53.40794683124284,3.141643931249579,15.236587524414062,37.495758056640625,91.3188705444336,0.8962698543772978,2.2056328268612133,5.371698267319623,94,94,86
00-0039364,Sione Vaki,RB,DET,94,363,51.842703750238925,3.0495708088375837,7.398695468902588,21.71945571899414,60.45083999633789,0.43521738052368164,1.2776150422937729,3.555931764490464,107,111,106
00-0040205,Kalel Mullings,RB,TEN,95,369,49.514909623848034,2.912641742579296,7.52219820022583,16.507266998291016,65.3437728881836,0.44248224707210765,0.9710157057818245,3.843751346363741,106,114,100
00-0040649,Robbie Ouzts,RB,SEA,96,371,48.990920994651496,2.8818188820383233,8.048391342163086,15.330177307128906,51.21312713623047,0.4734347848331227,0.9017751357134651,3.012536890366498,103,116,110
00-0037085,Tyler Badie,RB,DEN,97,376,48.33514232367772,2.8432436660986897,4.88780403137207,10.756563186645508,46.761295318603516,0.28751788419835705,0.6327390109791475,2.750664430506089,115,120,117
00-0039796,Rasheen Ali,RB,BAL,98,382,46.81215713028139,2.7536563017812585,2.461224317550659,26.784378051757812,41.890464782714844,0.14477790103239171,1.5755516501034008,2.4641449872185204,119,104,118
00-0040208,Tahj Brooks,RB,CIN,99,384,46.668929486814974,2.745231146283234,10.563066482543945,21.939878463745117,72.85411834716797,0.6213568519143498,1.2905810861026539,4.285536373362822,99,109,96
00-0039757,Terrell Jennings,RB,NE,100,385,46.65055087340938,2.7441500513770225,16.180269241333008,40.82844161987305,90.69597625732422,0.9517805436078239,2.4016730364631202,5.335057426901424,93,92,88
00-0037557,Ronnie Rivers,RB,LA,101,388,45.26208176024423,2.6624753976614253,10.670459747314453,26.147459030151367,70.6483154296875,0.6276741027832031,1.5380858253030216,4.155783260569853,98,106,98
00-0038896,Jacob Saylors,RB,DET,102,389,45.07326940636182,2.6513687886095187,9.647147178649902,22.897781372070312,56.30122756958008,0.5674792458029354,1.346928316004136,3.3118369158576515,100,108,108
00-0039603,British Brooks,RB,HOU,103,391,44.18141466854629,2.5989067452086054,7.973404884338379,30.703073501586914,68.15064239501953,0.46902381672578697,1.8060631471521713,4.00886131735409,104,98,99
00-0039299,George Holani,RB,SEA,104,393,43.82290430894865,2.5778179005263913,7.025619029998779,29.410045623779297,61.729915618896484,0.413271707646987,1.7300026837517233,3.631171506993911,110,99,104
00-0039363,Isaac Guerendo,RB,SF,105,394,43.472097616620204,2.557182212742365,25.514644622802734,23.292802810668945,37.36863327026367,1.5008614484001608,1.3701648712158203,2.198154898250804,83,107,121
00-0037594,Julius Chestnut,RB,TEN,106,397,42.57471184398575,2.504394814352103,9.603062629699707,26.55927085876465,61.009185791015625,0.5648860370411593,1.5623100505155676,3.588775634765625,101,105,105
00-0036842,Kene Nwangwu,RB,NYJ,107,404,40.01642589667891,2.3539074056869946,3.659703016281128,28.692285537719727,49.402767181396484,0.21527664801653693,1.6877815022188074,2.9060451283174404,118,100,114
00-0039266,Kendall Milton,RB,CIN,108,407,39.468981334572945,2.3217047843866436,7.198812007904053,28.664167404174805,91.06712341308594,0.423459529876709,1.6861274943632238,5.3568896125344665,109,101,87
00-0040429,Josh Williams,RB,TB,109,409,39.084653536445074,2.29909726684971,7.775247573852539,27.09073829650879,77.59967803955078,0.457367504344267,1.5935728409711052,4.564686943502987,105,102,93
00-0038409,Lew Nichols III,RB,PIT,110,410,38.841482709445856,2.2847931005556386,4.878944396972656,15.772521018981934,64.52108001708984,0.2869967292336857,0.9277953540577608,3.7953576480641082,116,115,101
00-0032104,Ameer Abdullah,RB,JAX,111,416,37.79804392233871,2.2234143483728652,31.550186157226562,47.04509735107422,82.45079803466797,1.8558933033662683,2.767358667710248,4.850046943215763,73,89,90
00-0038396,Eric Gray,RB,NYG,112,419,37.063247613849974,2.180191036108822,6.384324073791504,21.89805030822754,52.899818420410156,0.37554847492891197,1.2881206063663257,3.111754024730009,113,110,109
00-0037276,Ty Chandler,RB,NO,113,433,33.62318453707054,1.9778343845335613,26.958269119262695,51.914337158203125,85.0444564819336,1.5857805364272173,3.053784538717831,5.002615087172565,81,84,89
00-0037120,Tyler Goodson,RB,ATL,114,439,31.441146803450373,1.849479223732375,12.425374984741211,16.66333770751953,48.61029052734375,0.7309044108671301,0.980196335736443,2.8594288545496322,97,113,115
00-0040476,Ulysses Bentley IV,RB,IND,115,440,31.380553441213294,1.8459149083066644,5.293968200683594,21.428781509399414,75.02213287353516,0.31140989415785847,1.260516559376436,4.413066639619715,114,112,94
00-0039407,Dylan Laube,RB,LV,116,447,29.20232763523121,1.7177839785430125,1.457217812538147,15.135759353637695,38.95279312133789,0.08571869485518512,0.8903387855080998,2.291340771843405,120,117,120
00-0038397,Evan Hull,RB,HOU,117,448,29.18921720166671,1.71701277656863,7.334349632263184,26.94281578063965,72.30875396728516,0.431432331309599,1.5848715165082146,4.253456115722656,108,103,97
00-0036265,AJ Dillon,RB,CAR,118,449,28.995865941167015,1.7056391730098244,17.466917037963867,52.22314453125,96.46574401855469,1.0274657081155216,3.0719496783088234,5.6744555305032165,91,82,84
00-0036569,Gary Brightwell,RB,CIN,119,458,23.700655745524006,1.3941562203249416,4.075665473937988,11.818371772766113,49.487205505371094,0.2397450278787052,0.6951983395744773,2.911012088551241,117,119,113
00-0038488,Brady Russell,RB,SEA,120,462,22.352960996993843,1.3148800586466967,-2.295380115509033,2.3871567249298096,26.06778907775879,-0.1350223597358255,0.14042098381940057,1.533399357515223,121,124,123
00-0038678,Jordan Mims,RB,SF,121,472,17.892267604780812,1.052486329692989,6.7296247482299805,13.992196083068848,48.16773986816406,0.3958602793076459,0.8230703578275793,2.8333964628331803,112,118,116
00-0036567,Elijah Mitchell,RB,PHI,122,480,12.276182152097176,0.7221283618880692,-2.8590526580810547,9.151762008666992,35.08804702758789,-0.16817956812241497,0.5383389416862937,2.0640027663286995,123,121,122
00-0035594,Travis Homer,RB,PIT,123,482,10.739459635672603,0.6317329197454472,-4.270734786987305,4.1398491859436035,40.618350982666016,-0.2512196933521944,0.24352054034962373,2.389314763686236,124,123,119
00-0033376,Patrick Ricard,RB,NYG,124,489,-5.932588098907997,-0.34897577052399986,-2.478853702545166,4.143674850463867,10.425920486450195,-0.1458149236791274,0.243745579439051,0.6132894403794232,122,122,125
00-0036187,Reggie Gilliam,RB,NE,125,490,-5.96799174945223,-0.3510583382030723,-5.3675031661987305,1.3458822965621948,15.7133207321167,-0.3157354803646312,0.0791695468565997,0.9243129842421588,125,125,124
00-0037744,Trey McBride,TE,ARI,1,30,264.37736969574144,15.551609982102438,235.32913208007812,260.0424499511719,318.2289123535156,13.842890122357536,15.29661470301011,18.71934778550092,1,1,1
00-0039338,Brock Bowers,TE,LV,2,52,223.5212855983789,13.1483109175517,178.66908264160156,219.4462127685547,278.62567138671875,10.509946037741269,12.908600751091452,16.389745375689337,2,2,2
00-0040128,Tyler Warren,TE,IND,3,81,197.81789715979244,11.636346891752495,161.9180145263672,202.53916931152344,231.26490783691406,9.524589089786305,11.91406878303079,13.603818108053769,3,3,6
00-0040663,Harold Fannin Jr.,TE,CLE,4,85,193.41036699166855,11.377080411274621,144.34909057617188,186.4823760986328,232.3980712890625,8.491122975068933,10.969551535213695,13.670474781709558,8,6,5
00-0036970,Kyle Pitts,TE,ATL,5,87,189.85735457961948,11.168079681154087,151.64776611328125,192.52716064453125,231.11260986328125,8.920456830193014,11.325127096737132,13.594859403722426,4,5,7
00-0033288,George Kittle,TE,SF,6,92,185.55729858853482,10.915135211090284,143.62026977539062,177.8015594482422,237.60768127441406,8.448251163258272,10.458915261661305,13.97692242790671,9,7,4
00-0038996,Tucker Kraft,TE,GB,7,101,178.85496392623256,10.520880230954857,123.70783996582031,171.0226593017578,244.02685546875,7.2769317626953125,10.060156429515166,14.354520909926471,12,10,3
00-0040126,Colston Loveland,TE,CHI,8,106,175.34465113851255,10.314391243441914,145.02403259277344,197.88841247558594,226.46942138671875,8.530825446633731,11.640494851505055,13.321730669806986,7,4,8
00-0039065,Sam LaPorta,TE,DET,9,113,168.07162989070227,9.886566464158957,127.46607971191406,136.13446044921875,213.14544677734375,7.498004688936121,8.007909438189339,12.537967457490808,11,18,9
00-0030506,Travis Kelce,TE,KC,10,114,167.45045378463357,9.850026693213739,147.6416778564453,171.95034790039062,192.9333038330078,8.684804579790901,10.1147263470818,11.34901787252987,6,9,12
00-0033090,Hunter Henry,TE,NE,11,122,163.85122788145662,9.638307522438625,148.021728515625,177.44317626953125,185.14369201660156,8.707160500919118,10.437833898207721,10.890805412741269,5,8,15
00-0036040,Juwan Johnson,TE,NO,12,126,159.49764169593152,9.382214217407736,115.1635971069336,153.97366333007812,184.11050415039062,6.774329241584329,9.057274313534007,10.830029655905332,15,12,16
00-0034351,Dallas Goedert,TE,PHI,13,127,159.0047827122865,9.353222512487442,136.63723754882812,165.02308654785156,187.18601989746094,8.037484561695772,9.707240385167738,11.010942346909466,10,11,14
00-0040189,Oronde Gadsden II,TE,LAC,14,130,155.28905312981232,9.134650184106606,75.86783599853516,140.645751953125,199.1401824951172,4.462813882266774,8.273279526654411,11.714128382065716,22,15,11
00-0038041,Jake Ferguson,TE,DAL,15,131,155.27257476300338,9.133680868411963,115.31806945800781,138.72923278808594,175.7801055908203,6.783415850471048,8.160543105181526,10.340006211224724,14,16,19
00-0034383,Dalton Schultz,TE,HOU,16,137,153.51708714343903,9.030416890790532,119.40878295898438,151.40966796875,175.58763122558594,7.024046056410846,8.906451056985293,10.328684189740349,13,13,20
00-0038933,Dalton Kincaid,TE,BUF,17,143,150.33869539248212,8.843452670146007,100.20883178710938,137.7233428955078,187.7638397216797,5.8946371639476105,8.10137311150046,11.044931748334099,16,17,13
00-0038129,Cade Otton,TE,TB,18,144,150.1736717605478,8.833745397679282,90.93486785888672,136.0869140625,180.54795837402344,5.34910987405216,8.005112591911764,10.620468139648438,17,19,17
00-0038935,Brenton Strange,TE,JAX,19,154,144.37314973555522,8.492538219738542,86.99359130859375,141.5474853515625,201.52394104003906,5.117270076976103,8.326322667738971,11.854349472943474,18,14,10
00-0040736,Mason Taylor,TE,NYJ,20,158,137.68477503570645,8.099104413865085,76.4798355102539,129.92312622070312,177.97230529785156,4.498813853544347,7.642536836511948,10.468959135167738,21,20,18
00-0039793,AJ Barner,TE,SEA,21,159,137.16331417319688,8.068430245482169,76.4943618774414,119.39424896240234,155.59156799316406,4.499668345731847,7.023191115435432,9.152445176068474,20,21,23
00-0034753,Mark Andrews,TE,BAL,22,161,136.80978494000942,8.047634408235849,77.84564208984375,109.95955657958984,152.881591796875,4.579155417049632,6.468209210564108,8.993034811580882,19,24,24
00-0036894,Pat Freiermuth,TE,PIT,23,162,136.15169839005787,8.008923434709287,75.631317138671875,112.69856262207031,170.49192810058594,4.448901008157169,6.629327213062959,10.02893694709329,24,22,22
00-0039847,Theo Johnson,TE,NYG,24,166,134.38616789719654,7.905068699835091,75.7747802734375,112.0038070678711,174.5157012939453,4.457340016084559,6.588459239286535,10.265629487879137,23,23,21
00-0035229,T.J. Hockenson,TE,MIN,25,182,124.11288171107441,7.300757747710259,71.97783660888672,108.83092498779297,152.43121337890625,4.233990388758042,6.401819116928998,8.966541963465074,25,25,25
00-0037252,Greg Dulcich,TE,MIA,26,196,114.97976995457005,6.7635158796805905,61.04887390136719,79.76091003417969,141.3602752685547,3.5911102294921875,4.6918182373046875,8.315310309914981,30,38,30
00-0033885,David Njoku,TE,LAC,27,198,114.8333747356012,6.754904396211835,71.33659362792969,105.7003173828125,145.62515258789062,4.196270213407629,6.2176657284007355,8.566185446346507,26,26,29
00-0036244,Colby Parkinson,TE,LA,28,201,113.05862713622915,6.650507478601715,70.03974151611328,83.16173553466797,124.47942352294922,4.119984795065487,4.89186679615694,7.322319030761719,27,36,37
00-0033881,Evan Engram,TE,DEN,29,202,112.92468408080164,6.642628475341273,57.919281005859375,98.61072540283203,146.593994140625,3.407016529756434,5.800630906048943,8.623176125919118,31,28,28
00-0040584,Gunnar Helm,TE,TEN,30,205,112.01361850013267,6.589036382360745,56.29448699951172,98.42742156982422,151.16575622558594,3.3114404117359832,5.789848327636719,8.892103307387409,34,29,26
00-0036290,Cole Kmet,TE,CHI,31,226,102.31587405344521,6.018580826673248,61.85509490966797,97.8099365234375,137.54852294921875,3.638534994686351,5.7535256778492645,8.091089585248161,28,30,32
00-0039066,Michael Mayer,TE,LV,32,232,99.49886459295855,5.852874387821092,51.64126205444336,96.78306579589844,150.4632110595703,3.0377212973201977,5.693121517405791,8.850777121151195,39,31,27
00-0038558,Darnell Washington,TE,PIT,33,233,99.14924071941915,5.832308277612891,56.837059020996094,88.56792449951172,137.98391723632812,3.3433564129997704,5.209877911735983,8.116701013901654,33,34,31
00-0035689,Dawson Knox,TE,BUF,34,237,97.30499146028706,5.723823027075709,57.673912048339844,84.65148162841797,118.1452407836914,3.39258306166705,4.979498919318704,6.949720046099494,32,35,40
00-0034829,Mike Gesicki,TE,CIN,35,239,96.38589816896834,5.669758715821667,53.68804168701172,89.23393249511719,128.66099548339844,3.1581200992359832,5.249054852653952,7.568293851964614,35,33,34
00-0037838,Isaiah Likely,TE,NYG,36,240,96.14157828065834,5.655386957685785,41.173213958740234,74.22087097167969,120.94962310791016,2.421953762278837,4.365933586569393,7.1146837122300095,47,44,38
00-0036423,Albert Okwuegbunam,TE,LV,37,242,94.9959709245683,5.587998289680488,38.7839241027832,70.98577117919922,108.6987533569336,2.2814073001637176,4.175633598776424,6.3940443151137405,51,47,43
00-0039356,Ja'Tavion Sanders,TE,CAR,38,253,88.29396593792316,5.193762702230774,43.76682662963867,79.48577880859375,126.52946472167969,2.5745192135081574,4.675634047564338,7.44290968951057,45,39,36
00-0040737,Terrance Ferguson,TE,LA,39,254,87.91543154609548,5.171495973299734,52.553707122802734,96.7081527709961,119.49726104736328,3.091394536635455,5.688714868882123,7.029250649844899,37,32,39
00-0033110,Tyler Higbee,TE,LA,40,256,87.5070459331706,5.147473290186506,52.14483642578125,69.8663101196289,87.24444580078125,3.067343319163603,4.109782948213465,5.132026223575368,38,48,54
00-0037112,Jake Tonges,TE,SF,41,260,86.69747039639915,5.099851199788185,61.33810043334961,81.60107421875,135.03794860839844,3.6081235549029183,4.8000631893382355,7.943408741670496,29,37,33
00-0035644,Noah Fant,TE,NO,42,264,84.65107350244082,4.979474911908284,45.51683807373047,74.3484878540039,126.8302230834961,2.677461063160616,4.37344046200023,7.4606013578527115,43,43,35
00-0037005,Tommy Tremble,TE,CAR,43,272,82.68688192712136,4.863934231007139,50.44533920288086,77.21895599365234,114.46320343017578,2.9673728942871094,4.542291529038373,6.733129613539752,40,40,42
00-0036637,Noah Gray,TE,KC,44,277,81.33179606188038,4.78422329775767,49.451107025146484,75.140106201171875,118.01373291015625,2.9088886485380283,4.420006247127757,6.941984288832721,42,42,41
00-0040739,Elijah Arroyo,TE,SEA,45,281,80.48713815507142,4.734537538533613,50.06577682495117,100.48311614990234,103.89392852783203,2.945045695585363,5.910771538229549,6.111407560460708,41,27,45
00-0039041,Elijah Higgins,TE,ARI,46,285,79.5822096851638,4.681306452068459,41.051239013671875,72.653411865234375,107.21751403808594,2.4147787655101105,4.273730109719669,6.306912590475643,48,46,44
00-0040194,Jackson Hawes,TE,BUF,47,293,75.53810338712258,4.443417846301328,43.12485885620117,64.7435302734375,82.7772216796875,2.5367564033059513,3.8084429572610294,4.8692483340992645,46,51,56
00-0039144,Luke Musgrave,TE,GB,48,294,74.96198494156268,4.409528525974275,52.99891662597656,73.47369384765625,96.68212127685547,3.117583330939798,4.321981991038603,5.68718360452091,36,45,47
00-0040187,Mitchell Evans,TE,CAR,49,301,72.02823945770582,4.23695526221799,45.42496871948242,75.1826171875,99.51829528808594,2.672056983498966,4.422506893382353,5.8540173698874085,44,41,46
00-0039074,Davis Allen,TE,LA,50,308,69.97020719940687,4.11589454114158,39.09636306762695,67.00496673583984,78.5316162109375,2.2997860628015854,3.941468631519991,4.6195068359375,50,49,58
00-0035249,Josh Oliver,TE,MIN,51,318,65.99735891392027,3.8821975831717803,30.632766723632812,52.61479568481445,75.1670150756836,1.801927454331342,3.0949879814596737,4.421589122099035,58,57,60
00-0032392,Austin Hooper,TE,ATL,52,319,65.93903348197475,3.8787666754102794,37.5003547668457,61.11501693725586,89.25487518310547,2.205903221579159,3.5950009963091683,5.250286775476792,52,52,50
00-0037805,Jeremy Ruckert,TE,NYJ,53,323,65.11085984916599,3.8300505793627053,36.52980422973633,46.25250244140625,88.01411437988281,2.1488120135139015,2.7207354377297794,5.177300845875459,53,66,51
00-0039912,Ben Sinnott,TE,WAS,54,327,63.22892973965245,3.71934880821485,34.492042541503906,48.867366790771484,73.206573486328125,2.0289436789119946,2.8745509876924404,4.306269028607537,56,62,63
00-0038547,Luke Schoonmaker,TE,DAL,55,329,63.17346575865202,3.7160862210971777,35.406280517578125,65.34846496582031,87.9311752319336,2.0827223833869484,3.8440273509306064,5.172422072466682,55,50,52
00-0038115,Daniel Bellinger,TE,TEN,56,338,59.45391593961295,3.497289172918409,27.121639251708984,55.92974853515625,90.16361236572266,1.5953905442181755,3.2899852079503678,5.3037419038660385,63,55,49
00-0037086,Grant Calcaterra,TE,PHI,57,341,58.207979038238335,3.4239987669551963,29.470783233642578,57.53756332397461,63.96353530883789,1.7335754843319164,3.384562548469095,3.762560900519876,61,53,73
00-0039359,Cade Stover,TE,HOU,58,343,58.17848002759417,3.422263531034951,28.52947425842285,51.14848709106445,82.2716293334961,1.6782043681425207,3.008734534768497,4.8395076078527115,62,59,57
00-0036754,Brock Wright,TE,DET,59,344,57.93413591240747,3.407890347788675,35.663429260253906,51.50494384765625,83.6975326538086,2.0978487800149357,3.029702579273897,4.923384273753447,54,58,55
00-0036422,Adam Trautman,TE,DEN,60,348,56.486960968044556,3.322762409884974,40.267417907714844,49.1002311706543,78.09027862548828,2.368671641630285,2.888248892391429,4.59354580149931,49,61,59
00-0038589,Josh Whyle,TE,GB,61,353,54.95997431322615,3.232939665483891,24.08307456970215,40.28440856933594,58.982322692871094,1.416651445276597,2.3696710923138786,3.4695483936983,68,72,78
00-0034270,Tyler Conklin,TE,DET,62,354,54.501877251020325,3.2059927794717837,24.255741119384766,49.254432678222656,66.98877716064453,1.4268083011402803,2.897319569307215,3.940516303567325,67,60,70
00-0037004,Hunter Long,TE,JAX,63,356,54.24605625252389,3.190944485442582,30.25412940979004,56.65077209472656,94.35466766357422,1.77965467116412,3.332398358513327,5.550274568445542,60,54,48
00-0040244,Moliki Matavao,TE,NO,64,367,51.28383189892548,3.01669599405444,20.093170166015625,38.97774887084961,55.977603912353516,1.1819511862362133,2.2928087571088005,3.2928002301384423,75,76,81
00-0036628,John Bates,TE,WAS,65,370,49.506647239908126,2.9121557199945958,31.627288818359375,43.12725067138672,67.53199005126953,1.8604287540211397,2.536897098316866,3.9724700030158546,57,70,68
00-0034613,Tanner Hudson,TE,CIN,66,372,48.95065299114904,2.879450175949944,30.436405181884766,48.14646530151367,73.26764678955078,1.7903767754049862,2.8321450177360985,4.309861575855928,59,63,62
00-0039754,Devin Culp,TE,TB,67,377,48.289762722683605,2.840574277804918,13.370793342590332,46.008853912353516,87.3178482055664,0.7865172554464901,2.706403171314913,5.136344012092142,87,67,53
00-0036887,Luke Farrell,TE,SF,68,383,46.73842470042569,2.7493191000250405,26.50801658630371,38.1948356628418,67.88861083984375,1.559295093311983,2.246755038990694,3.993447696461397,65,77,67
00-0040363,Keleki Latu,TE,BUF,69,390,44.32876496514286,2.6075744097142857,18.821889877319336,38.98279571533203,59.11009979248047,1.1071699927834904,2.293105630313649,3.4770646936753216,77,75,77
00-0035631,Drew Sample,TE,CIN,70,392,43.96566355108097,2.586215503004763,26.919492721557617,53.17887878417969,74.53028869628906,1.5834995718563305,3.128169340245864,4.384134629193475,64,56,61
00-0038046,Charlie Kolar,TE,LAC,71,395,43.1908016785541,2.5406353928561236,19.31022834777832,39.07897186279297,65.35808563232422,1.1358957851634306,2.2987630507525276,3.84459327248966,76,74,72
00-0038720,Julian Hill,TE,NE,72,396,43.10554774287836,2.535620455463433,22.646331787109375,40.40265655517578,68.64749908447266,1.3321371639476103,2.3766268561868107,4.038088181439568,70,71,66
00-0038394,Will Mallory,TE,IND,73,399,42.16729725967034,2.4804292505688434,16.954910278320312,23.778329849243164,56.51174545288086,0.9973476634306067,1.398725285249598,3.3242203207576977,80,96,79
00-0039050,Payne Durham,TE,TB,74,401,40.40679572514502,2.3768703367732362,9.692444801330566,33.76864242553711,53.69259262084961,0.5701438118429745,1.9863907309139477,3.1583878012264477,92,84,84
00-0039530,Brevyn Spann-Ford,TE,DAL,75,402,40.39327831756106,2.376075195150651,13.472258567810059,26.987178802490234,56.43914794921875,0.792485798106474,1.5874811060288374,3.319949879365809,85,92,80
00-0039737,Tip Reiman,TE,ARI,76,405,39.97605309049063,2.351532534734743,22.135446548461914,47.775325775146484,70.02478790283203,1.302085091085995,2.81031328089097,4.119105170754826,72,65,65
00-0037282,James Mitchell,TE,CAR,77,406,39.62961089732157,2.3311535821953866,21.338544845581055,27.990400314331055,51.83180618286133,1.2552085203282974,1.6464941361371208,3.048929775462431,73,88,88
00-0034981,Foster Moreau,TE,HOU,78,411,38.80150712176897,2.2824415953981747,21.06853485107422,39.141422271728516,67.01661682128906,1.239325579474954,2.3024366042193245,3.9421539306640625,74,73,69
00-0033217,Mo Alie-Cox,TE,IND,79,415,38.38632784400288,2.2580192849413456,26.316848754882812,47.78226089477539,60.20857620239258,1.5480499267578125,2.8107212291044346,3.5416809530819164,66,64,75
00-0034365,Ian Thomas,TE,LV,80,417,37.561597669932596,2.2095057452901528,16.877944946289062,23.547521591186523,54.3372802734375,0.9928202909581801,1.3851483288933248,3.196310604319853,81,97,83
00-0037292,Andrew Ogletree,TE,IND,81,421,37.02959783002161,2.1782116370600946,12.535201072692871,32.96315002441406,50.39646911621094,0.7373647689819336,1.939008824965533,2.964498183306526,88,86,90
00-0036429,Charlie Woerner,TE,ATL,82,426,36.27903484862395,2.1340608734484676,17.258373260498047,26.912891387939453,53.29641342163086,1.0151984270881205,1.5831112581140854,3.135083142448874,78,93,86
00-0038783,Nate Adkins,TE,DEN,83,428,35.82384806938807,2.1072851805522395,22.408334732055664,37.666255950927734,59.23402786254883,1.318137337179745,2.215662114760455,3.484354580149931,71,79,76
00-0036590,Quintin Morris,TE,JAX,84,442,30.937942072644045,1.8198789454496498,9.16671371459961,30.19891357421875,65.66655731201172,0.539218453799977,1.776406680836397,3.8627386654124543,93,87,71
00-0036534,Shane Zylstra,TE,BUF,85,443,30.58527143501539,1.7991336138244347,23.889158248901367,45.50676727294922,70.51349639892578,1.405244602876551,2.67686866311466,4.147852729348576,69,68,64
00-0039824,Jared Wiley,TE,KC,86,444,30.230007181230445,1.7782357165429674,12.448640823364258,35.557655334472656,44.07453918457031,0.7322729896096623,2.0916267843807446,2.592619952033548,89,81,96
00-0037475,Stone Smartt,TE,PHI,87,445,29.946915662430808,1.7615832742606357,13.401869773864746,35.09597396850586,54.90082550048828,0.7883452808155733,2.0644690569709327,3.229460323558134,86,82,82
00-0040628,Drake Dabney,TE,GB,88,446,29.521863951795865,1.7365802324585804,15.31670093536377,43.796058654785156,50.33338165283203,0.9009824079625747,2.576238744399127,2.960787156048943,83,69,91
00-0037539,Lucas Krull,TE,DEN,89,452,26.6209251076273,1.5659367710369,17.238473892211914,35.68694305419922,53.37992858886719,1.0140278760124655,2.09923194436466,3.1399957993451286,79,80,85
00-0033576,Eric Saubert,TE,SEA,90,454,25.626894182830295,1.5074643636958998,7.976604461669922,20.049827575683594,26.878990173339844,0.46921202715705423,1.1794016220990349,1.5811170690199907,95,100,103
00-0038809,Ben Sims,TE,MIA,91,457,24.20600841910366,1.4238828481825683,13.841465950012207,33.00675964355469,60.83806228637695,0.8142038794124827,1.9415740966796875,3.5787095462574676,84,85,74
00-0033246,Johnny Mundt,TE,PHI,92,459,23.66891805508298,1.3922892973578223,15.650468826293945,37.886314392089844,49.826416015625,0.9206158133114085,2.2286067289464615,2.930965647977941,82,78,92
00-0039686,Colson Yankoff,TE,WAS,93,460,22.958181546866264,1.3504812674627213,8.484095573425293,27.09272575378418,34.194190979003906,0.49906444549560547,1.5936897502225988,2.0114229987649357,94,91,102
00-0036876,Kylen Granson,TE,TEN,94,461,22.47952635495995,1.3223250797035266,10.342256546020508,26.30510902404785,51.37729263305664,0.6083680321188534,1.547359354355756,3.0221936842974495,91,94,89
00-0039648,David Martin-Robinson,TE,TEN,95,463,22.221904657754095,1.3071708622208291,1.9609107971191406,13.19025707244873,39.04648971557617,0.11534769394818474,0.7758974748499253,2.296852336210363,102,105,100
00-0040509,Ben Yurosek,TE,MIN,96,464,22.112957319903686,1.300762195288452,4.892686367034912,22.785980224609375,34.8410530090332,0.28780508041381836,1.3403517779181986,2.0494737064137176,98,98,101
00-0036232,Harrison Bryant,TE,SEA,97,466,20.359384657193967,1.1976108621878805,4.809869289398193,21.67840576171875,24.559581756591797,0.28293348761165843,1.2752003389246322,1.4446812797995174,99,99,104
00-0038710,Blake Whiteheart,TE,CLE,98,467,20.22542526874027,1.1897308981611925,0,27.48769187927246,40.58053970336914,0,1.6169230517219095,2.38709057078642,104,90,99
00-0039631,Cam Grandy,TE,CIN,99,468,20.071839176439184,1.1806964221434815,5.291342735290527,24.912334442138672,52.79294204711914,0.31125545501708984,1.465431437772863,3.1054671792423023,96,95,87
00-0037755,Jelani Woods,TE,NYJ,100,473,17.287950965329596,1.0169382920782115,11.062915802001953,34.71647262573242,45.40347671508789,0.6507597530589384,2.0421454485724952,2.6707927479463467,90,83,94
00-0040488,Carter Runyon,TE,LV,101,476,14.828276958113184,0.8722515857713637,5.038447856903076,27.765125274658203,45.69448471069336,0.29637928570018096,1.6332426632151884,2.6879108653349033,97,89,93
00-0034798,Durham Smythe,TE,BAL,102,483,10.013029740267932,0.5890017494275254,0,9.201070785522461,17.80002212524414,0,0.5412394579719094,1.0470601250143612,104,107,107
00-0033455,Anthony Firkser,TE,WAS,103,484,8.715414780304634,0.5126714576649785,2.972837209701538,17.090085983276367,41.067176818847656,0.17487277704126694,1.0052991754868452,2.415716283461627,101,103,98
00-0036741,Jack Stoll,TE,CLE,104,485,7.523506035531381,0.44255917856066945,3.8204386234283447,10.442553520202637,41.266632080078125,0.2247316837310791,0.6142678541295669,2.4274489458869484,100,106,97
00-0031484,Chris Manhertz,TE,NYG,105,486,0,0,0,13.306766510009766,20.967491149902344,0,0.7827509711770451,1.2333818323471968,104,104,106
00-0033757,Robert Tonyan,TE,PIT,105,486,0,0,0,18.42736053466797,22.371322631835938,0,1.0839623843922335,1.3159601548138786,104,102,105
00-0036825,Feleipe Franks,TE,CAR,105,486,0,0,0.4412398040294647,18.777381896972656,44.99143600463867,0.025955282589968515,1.1045518762925093,2.6465550590963924,103,101,95
00-0038543,Jaxon Smith-Njigba,WR,SEA,1,6,315.905878121285,18.582698713016764,220.52999877929688,294.379150390625,319.56878662109375,12.972352869370404,17.316420611213236,18.798163918887866,3,1,4
00-0039075,Puka Nacua,WR,LA,2,9,314.49282104944984,18.49957770879117,214.53993225097656,292.0019836425781,344.8396301269531,12.619996014763327,17.17658727309283,20.28468412511489,4,2,2
00-0036900,Ja'Marr Chase,WR,CIN,3,12,306.04914589188866,18.00289093481698,230.66993713378906,285.0785217285156,358.3002014160156,13.568819831399356,16.76932480755974,21.076482436236212,2,4,1
00-0036963,Amon-Ra St. Brown,WR,DET,4,20,288.342827941187,16.961342820069824,237.1007843017578,286.9656066894531,337.9701232910156,13.94710495892693,16.880329805261947,19.880595487706803,1,3,3
00-0037238,Drake London,WR,ATL,5,32,249.0621380775083,14.650714004559312,211.49261474609375,259.6213684082031,296.77117919921875,12.440742043887868,15.271845200482536,17.457128188189337,5,6,8
00-0037247,George Pickens,WR,DAL,6,34,243.42187533751274,14.318933843383103,210.4141082763672,252.63958740234375,305.161865234375,12.37730048684513,14.861152200137868,17.950697954963236,6,7,6
00-0039064,Zay Flowers,WR,BAL,7,35,241.78924329269128,14.222896664275957,200.25381469726562,239.4266815185547,295.713134765625,11.779636158662683,14.083922442267923,17.394890280330884,9,9,9
00-0036358,CeeDee Lamb,WR,DAL,8,36,241.14554619313935,14.185032129008198,188.93284606933594,259.7594909667969,294.039306640625,11.113696827607995,15.279970056870404,17.296429802389707,12,5,10
00-0036322,Justin Jefferson,WR,MIN,9,37,240.55356031973565,14.150209430572685,176.25897216796875,229.9055938720703,280.4535217285156,10.368174833409926,13.52385846306296,16.49726598403033,15,11,13
00-0037239,Chris Olave,WR,NO,10,41,233.68848739639515,13.746381611552655,198.3548126220703,246.15281677246094,289.9435119628906,11.66793015423943,14.479577457203584,17.055500703699447,10,8,11
00-0036554,Nico Collins,WR,HOU,11,45,229.86263433870369,13.521331431688452,200.48348999023438,236.46575927734375,288.80096435546875,11.793146470013786,13.909750545726103,16.988292020909928,8,10,12
00-0035676,A.J. Brown,WR,NE,12,50,224.72961912798053,13.219389360469442,196.6723175048828,221.92477416992188,259.7267761230469,11.568959853228401,13.05439848058364,15.278045654296875,11,14,19
00-0040124,Tetairoa McMillan,WR,CAR,13,57,218.2043527054739,12.835550159145523,179.6665496826172,217.8792724609375,257.9512939453125,10.568620569565716,12.816427791819853,15.173605526194853,14,17,21
00-0039067,Rashee Rice,WR,KC,14,60,216.2374412519167,12.719849485406865,203.28196716308594,226.88348388671875,308.7341003417969,11.957762774299173,13.346087287454043,18.160829431870404,7,13,5
00-0036912,DeVonta Smith,WR,PHI,15,62,215.89610422635715,12.699770836844538,164.06219482421875,200.2245635986328,254.1365203857422,9.650717342601103,11.77791550580193,14.949207081514245,22,26,23
00-0037240,Jameson Williams,WR,DET,16,64,214.38311418411135,12.610771422594786,183.23583984375,229.58583068847656,279.4799499511719,10.778578814338236,13.505048864028034,16.439997055951288,13,12,14
00-0039337,Malik Nabers,WR,NYG,17,65,213.53463281728511,12.560860753957948,147.88174438476562,192.11111450195312,304.74853515625,8.698926140280332,11.300653794232536,17.926384420955884,29,29,7
00-0040129,Emeka Egbuka,WR,TB,18,67,208.4492956046519,12.261723270861877,165.5694580078125,209.63943481445312,255.20079040527344,9.7393798828125,12.331731459673714,15.011811200310202,21,21,22
00-0036410,Tee Higgins,WR,CIN,19,69,206.83380358125066,12.166694328308862,173.92529296875,219.45269775390625,273.9669189453125,10.230899586397058,12.908982220818014,16.11570111443015,18,16,15
00-0039893,Brian Thomas Jr.,WR,JAX,20,70,206.52193943827427,12.148349378722017,155.28256225585938,202.49754333496094,259.66497802734375,9.134268367991728,11.911620196174173,15.274410472196692,26,23,20
00-0038117,Wan'Dale Robinson,WR,TEN,21,73,205.54584733773814,12.090932196337537,150.89979553222656,200.35787963867188,267.2109375,8.87645856071921,11.785757625804228,15.718290441176471,27,25,17
00-0039915,Ladd McConkey,WR,LAC,22,75,203.46932683762728,11.968783931625135,149.59934997558594,196.03724670410156,241.98196411132812,8.799961763269762,11.531602747300091,14.2342331830193,28,28,29
00-0034348,Courtland Sutton,WR,DEN,23,77,202.63157715742875,11.91950453867228,169.1204071044922,202.20518493652344,241.04483032226562,9.948259241440716,11.894422643324909,14.179107666015625,19,24,30
00-0037740,Garrett Wilson,WR,NYJ,24,78,201.37528210838607,11.845604829905064,159.54933166503906,213.1241912841797,268.5863342285156,9.385254803825827,12.536717134363512,15.799196131089154,24,18,16
00-0031381,Davante Adams,WR,LA,25,80,199.96515468398502,11.762656157881471,175.6444091796875,220.31298828125,243.4531707763672,10.332024069393382,12.959587545955882,14.320774751551012,17,15,27
00-0035640,DK Metcalf,WR,PIT,26,82,194.53253064064864,11.443090037685215,163.85604858398438,198.9299774169922,246.34019470214844,9.63859109317555,11.70176337747013,14.490599688361673,23,27,25
00-0038544,Quentin Johnston,WR,LAC,27,84,193.72643099913063,11.395672411713566,166.28482055664062,209.6875762939453,262.5359802246094,9.781460032743567,12.334563311408548,15.443292954388786,20,20,18
00-0038559,Michael Wilson,WR,ARI,28,89,188.5408405521056,11.090637679535623,158.36074829101562,185.26907348632812,239.40431213378906,9.315338134765625,10.898180793313418,14.082606596105238,25,30,31
00-0037664,Alec Pierce,WR,IND,29,90,187.45634644872504,11.026843908748532,175.95921325683594,210.6593475341797,251.47535705566406,10.350541956284466,12.391726325539981,14.792668062097887,16,19,24
00-0037261,Khalil Shakir,WR,BUF,30,91,185.76447550907585,10.927322088769168,138.273193359375,164.9002685546875,194.6448516845703,8.133717256433824,9.700015797334558,11.449697157915901,33,39,46
00-0035659,Terry McLaurin,WR,WAS,31,94,182.44892114404672,10.732289479061572,136.07379150390625,170.3894500732422,235.09722900390625,8.004340676700368,10.022908827837776,13.829248764935661,34,37,32
00-0039919,Rome Odunze,WR,CHI,32,95,182.02759779960402,10.707505752917884,143.3977813720703,203.9548797607422,243.7899169921875,8.435163610121784,11.997345868278952,14.340583352481618,31,22,26
00-0038994,Jordan Addison,WR,MIN,33,99,180.73516498213982,10.631480293067048,114.54653930664062,180.36898803710938,231.05926513671875,6.738031723920037,10.60994047277114,13.591721478630514,44,32,34
00-0039849,Marvin Harrison Jr.,WR,ARI,34,105,175.38755279896262,10.316914870527214,134.0445098876953,177.7087860107422,232.66819763183594,7.88497116986443,10.453458000631894,13.686364566578584,36,34,33
00-0038606,Parker Washington,WR,JAX,35,108,173.85341546162476,10.226671497742633,134.7259521484375,178.41302490234375,221.0175018310547,7.925056008731618,10.494883817784926,13.001029519473805,35,33,38
00-0036252,Michael Pittman,WR,PIT,36,110,172.74613938416908,10.161537610833475,143.17254638671875,174.90724182128906,205.26307678222656,8.421914493336397,10.288661283605238,12.07429863424862,32,35,43
00-0038997,Josh Downs,WR,IND,37,111,172.57042651935376,10.151201559961986,104.27413177490234,146.41046142578125,207.16639709472656,6.133772457347197,8.612380083869486,12.186258652630974,47,47,41
00-0036613,Jaylen Waddle,WR,DEN,38,112,172.08639363285548,10.122729037226792,146.77769470214844,181.56185913085938,242.34402465820312,8.633982041302849,10.680109360638786,14.255530862247243,30,31,28
00-0038563,Tre Tucker,WR,LV,39,115,167.27408502728395,9.839652060428467,112.24415588378906,137.83485412597656,202.76016235351562,6.602597404928768,8.10793259564568,11.927068373736214,45,49,44
00-0038124,Christian Watson,WR,GB,40,116,167.23579891437535,9.837399936139727,125.37803649902344,158.08657836914062,226.81512451171875,7.375178617589614,9.29921049230239,13.342066147748161,38,42,36
00-0036407,Jerry Jeudy,WR,CLE,41,117,166.46376259230237,9.791986034841315,111.55720520019531,147.335693359375,219.5996551513672,6.562188541187959,8.666805491727942,12.917626773609834,46,45,39
00-0039894,Xavier Worthy,WR,KC,42,121,163.95041424610707,9.644142014476886,96.78121185302734,132.5497589111328,218.4810791015625,5.693012461942785,7.7970446418313415,12.851828182444853,48,51,40
00-0037816,Romeo Doubs,WR,NE,43,123,162.9350848709337,9.584416757113747,130.4764404296875,162.12799072265625,183.72369384765625,7.675084731158088,9.536940630744486,10.807276108685661,37,41,49
00-0034827,DJ Moore,WR,BUF,44,124,162.04172443468352,9.531866143216677,118.1145248413086,152.57040405273438,177.73265075683594,6.947913225959329,8.974729650160846,10.454861809225644,42,43,54
00-0036259,Jauan Jennings,WR,MIN,45,125,160.8349837931364,9.460881399596259,118.73352813720703,169.09893798828125,186.69384765625,6.98432518454159,9.946996352251839,10.981991038602942,41,38,48
00-0039916,Ricky Pearsall,WR,SF,46,129,156.12570811279673,9.18386518310569,116.66470336914062,140.4242706298828,226.4849090576172,6.862629609949448,8.260251213522519,13.322641709271599,43,48,37
00-0040735,Luther Burden III,WR,CHI,47,136,153.89480976833394,9.052635868725526,84.45867919921875,146.6523895263672,227.44747924804688,4.968157599954044,8.626611148609834,13.379263485179228,52,46,35
00-0039868,Troy Franklin,WR,DEN,48,139,152.2897319741412,8.958219527890659,122.92216491699219,164.8647918701172,206.18429565429688,7.230715583352482,9.697928933536305,12.128487979664522,39,40,42
00-0033921,Chris Godwin Jr.,WR,TB,49,141,151.88949513915637,8.934676184656256,91.81049346923828,125.3601303100586,172.2126922607422,5.400617262896369,7.374125312356388,10.130158368278952,50,56,57
00-0033908,Cooper Kupp,WR,SEA,50,147,148.9762839776578,8.763310822215164,94.66426086425781,148.27728271484375,169.8892364501953,5.568485933191636,8.722193100873161,9.9934844970703125,49,44,59
00-0038608,Kayshon Boutte,WR,NE,51,148,146.43491360128607,8.613818447134475,72.67626953125,104.23140716552734,169.81967163085938,4.275074678308823,6.13125924503102,9.989392448874082,58,66,61
00-0031408,Mike Evans,WR,SF,52,150,146.17919319339038,8.598776070199435,120.54719543457031,174.29928588867188,180.2701873779297,7.091011496151195,10.252899169921875,10.604128669289981,40,36,52
00-0039901,Keon Coleman,WR,BUF,53,151,145.59712697630553,8.56453688095915,90.72013854980469,126.4655532836914,173.6491241455078,5.336478738223805,7.439150193158318,10.21465436150046,51,54,56
00-0040170,Elic Ayomanor,WR,TEN,54,152,145.34042659269028,8.5494368583935465,79.01825714111328,132.6506805419922,183.46347045898438,4.6481327730066635,7.802981208352482,10.791968850528493,53,50,50
00-0039146,Jayden Reed,WR,GB,55,153,145.14040828484013,8.537671075578832,76.49805450439453,121.71111297607422,190.17799377441406,4.499885559082031,7.159477233886719,11.186940810259651,54,57,47
00-0040130,Jayden Higgins,WR,HOU,56,160,136.8293079225557,8.048782818973864,72.78338623046875,126.36144256591797,182.57974243164062,4.281375660615809,7.433026033289292,10.739984848920036,57,55,51
00-0038621,DeMario Douglas,WR,NE,57,167,134.32933605410636,7.901725650241551,69.7652816772461,108.09403228759766,164.88368225097656,4.103840098661535,6.358472487505744,9.699040132410387,60,61,62
00-0040705,Chimere Dike,WR,TEN,58,170,133.2202517506249,7.836485397095582,63.91641616821289,115.12018585205078,178.48541259765625,3.759789186365464,6.771775638355928,10.499141917509192,62,60,53
00-0039342,Xavier Legette,WR,CAR,59,179,125.91571862437662,7.406806977904507,70.2142562866211,118.71380615234375,170.14505004882812,4.1302503698012405,6.983165067784927,10.008532355813418,59,58,58
00-0039855,Jalen McMillan,WR,TB,60,180,124.90873818004684,7.3475728341204025,43.73533248901367,98.81255340576172,169.83135986328125,2.572666617000804,5.812503141515395,9.990079991957721,85,69,60
00-0034837,Calvin Ridley,WR,TEN,61,184,122.69432802916927,7.217313413480546,62.15663146972656,131.96731567382812,199.43362426757812,3.6562724393956803,7.762783274931066,11.731389662798714,65,52,45
00-0033555,Mack Hollins,WR,NE,62,186,122.52648937303721,7.20744055135513,62.77688980102539,104.1908950805664,150.8754425048828,3.692758223589729,6.1288761812097885,8.875026029698988,64,67,69
00-0036309,Darnell Mooney,WR,NYG,63,187,121.93397601194289,7.172586824231935,73.92940521240234,117.96931457519531,174.75563049316406,4.34878854190602,6.939371445599725,10.27974297018612,56,59,55
00-0035535,Darius Slayton,WR,NYG,64,188,120.88853406494358,7.111090239114328,57.622249603271484,96.66390228271484,146.22488403320312,3.389544094310087,5.686111898983226,8.601463766659007,69,73,71
00-0039491,Jalen Coker,WR,CAR,65,190,120.12640978828281,7.066259399310754,58.904483795166016,85.65571594238281,145.75711059570312,3.4649696350097656,5.038571526022518,8.573947682100183,68,83,73
00-0035662,Marquise Brown,WR,PHI,66,191,117.72608453476765,6.925063796162803,63.59180450439453,96.9280776977539,150.61480712890625,3.740694382611443,5.701651629279642,8.859694536994486,63,71,70
00-0039880,Malik Washington,WR,MIA,67,192,117.28507676154291,6.8991221624437005,59.8229866027832,107.04619598388672,164.23104858398438,3.5189992119284237,6.29683505787569,9.660649916704964,66,64,63
00-0040667,Matthew Golden,WR,GB,68,193,116.16570847924532,6.833276969367372,64.96735382080078,127.03248596191406,157.5784912109375,3.821609048282399,7.472499174230239,9.269323012408089,61,53,66
00-0036550,Rashod Bateman,WR,BAL,69,199,113.38457326188933,6.669680780111137,75.69514465332031,105.48475646972656,155.3287353515625,4.452655567842371,6.204985674689798,9.136984432444853,55,65,67
00-0039424,Devaughn Vele,WR,NO,70,200,113.16842264769261,6.656966038099565,53.96229553222656,83.12645721435547,122.0594711303711,3.1742526783662686,4.88979160084444,7.179968890021829,72,90,96
00-0038976,Marvin Mims Jr.,WR,DEN,71,204,112.33741196921761,6.6080830570128,52.656986236572266,107.35567474365234,160.7902069091797,3.097469778621898,6.315039690803079,9.458247465245863,74,62,64
00-0038619,Andrei Iosivas,WR,CIN,72,206,112.00673691049131,6.588631582970077,59.19169235229492,90.772064208984375,152.17601013183594,3.4818642560173485,5.339533188763787,8.951530007755055,67,77,68
00-0040648,Tory Horton,WR,SEA,73,209,110.40942016653302,6.494671774501943,47.248023986816406,84.13006591796875,104.78662109375,2.779295528636259,4.948827406939338,6.163918887867647,80,86,105
00-0040311,Theo Wease Jr.,WR,MIA,74,210,110.13009738611295,6.478241022712527,36.83602523803711,82.60358428955078,141.98451232910156,2.1668250140021827,4.859034369973576,8.352030137005974,99,92,78
00-0040134,Pat Bryant,WR,DEN,75,212,109.37083622843643,6.433578601672731,56.198097229003906,107.23196411132812,159.85003662109375,3.305770425235524,6.307762594784007,9.402943330652574,70,63,65
00-0040237,Tez Johnson,WR,TB,76,214,107.71927558698513,6.336427975705008,55.045310974121094,97.05107879638672,144.99375915527344,3.2379594690659466,5.708886988022748,8.529044656192555,71,70,74
00-0038393,Dontayvion Wicks,WR,PHI,77,220,104.24743511503618,6.132202065590364,51.131248474121094,94.73612213134766,142.4769287109375,3.0077204984777115,5.572713066549862,8.380995806525736,76,74,76
00-0036988,Josh Palmer,WR,BUF,78,222,103.53831754055723,6.090489267091602,50.20846176147461,88.47342681884766,128.4514617919922,2.9534389271455654,5.204319224638097,7.555968340705423,77,79,89
00-0037837,Calvin Austin III,WR,NYG,79,224,103.45191318175057,6.085406657750034,46.572288513183594,82.53217315673828,129.84494018554688,2.7395463831284466,4.854833715102252,7.637937657973346,81,93,86
00-0039410,Ryan Flournoy,WR,DAL,80,225,102.66682186000328,6.039224815294311,48.263694763183594,83.208770751953125,145.8533477783203,2.8390408684225643,4.894633573644302,8.57960869284237,79,89,72
00-0038979,Cedric Tillman,WR,CLE,81,234,98.4907804511624,5.793575320656611,42.34511947631836,86.29850769042969,142.31871032714844,2.4908893809599033,5.076382805319393,8.3716888427734375,91,81,77
00-0040727,Tre Harris,WR,LAC,82,236,97.65090864807763,5.744171096945743,53.08287048339844,101.8687515258789,142.8653564453125,3.1225217931410847,5.9922795015222885,8.403844496783089,73,68,75
00-0037291,Jalen Nailor,WR,LV,83,238,96.89938624487242,5.699963896757201,37.08556365966797,79.34318542480469,134.36251831054688,2.181503744686351,4.6672462014591,7.903677547679228,98,97,83
00-0040669,Isaac TeSlaa,WR,DET,84,243,94.57935240961582,5.563491318212695,51.694644927978516,94.3960952758789,126.75537109375,3.0408614663516773,5.552711486816406,7.456198299632353,75,75,92
00-0038618,Xavier Hutchinson,WR,HOU,85,245,94.40886872142612,5.553462865966242,50.03630828857422,87.64144134521484,133.34278869628906,2.9433122522690716,5.155378902659697,7.843693452722886,78,80,85
00-0038104,Tyquan Thornton,WR,KC,86,246,94.24972449398702,5.544101440822765,46.10786819458008,84.65818786621094,139.16156005859375,2.7122275408576515,4.979893403894761,8.18597412109375,82,84,79
00-0038679,Tyrell Shavers,WR,BUF,87,247,94.24179999464641,5.54363529380273,43.120140075683594,83.4145278930664,115.32479858398438,2.5364788279813877,4.9067369348862595,6.783811681410846,89,88,100
00-0034775,Christian Kirk,WR,SF,88,252,88.65958090142499,5.2152694647897055,35.69710159301758,82.314483642578125,129.77447509765625,2.099829505471622,4.842028449563419,7.633792652803309,101,95,87
00-0040138,Jaylin Noel,WR,HOU,89,255,87.62705887151037,5.154532874794728,43.71490478515625,96.87342071533203,137.2539825439453,2.5714649873621322,5.69843651266659,8.073763679055606,86,72,81
00-0035208,Olamide Zaccheaus,WR,ATL,90,258,87.14839043698042,5.126375908057672,39.20937728881836,82.8656234741211,138.32960510253906,2.306433958165786,4.874448439654182,8.137035594267005,94,91,80
00-0037801,KaVontae Turpin,WR,DAL,91,259,87.02275892630796,5.118985819194585,43.63951873779297,81.5483627319336,118.86019134521484,2.5670305139878216,4.796962513643153,6.991775961483226,87,96,98
00-0040782,Isaiah Bond,WR,CLE,92,261,86.27398350793649,5.074940206349205,35.09705352783203,85.66081237792969,136.9514617919922,2.064532560460708,5.038871316348805,8.055968340705423,102,82,82
00-0040131,Kyle Williams,WR,NE,93,263,85.09703121076969,5.005707718280569,44.72062301635742,90.716705322265625,119.18074798583984,2.6306248833151424,5.336276783662684,7.010632234461167,83,78,97
00-0032775,Demarcus Robinson,WR,SF,94,266,84.12911242574637,4.948771319161551,42.673099517822266,75.96864318847656,103.70832824707031,2.51018232457778,4.468743716969209,6.100489896886489,90,99,107
00-0040164,Jaylin Lane,WR,WAS,95,268,83.37411302996937,4.904359589998198,39.83554458618164,70.987518310546875,101.04136657714844,2.34326732859892,4.1757363712086395,5.943609798655791,93,104,109
00-0037666,Jalen Tolbert,WR,MIA,96,273,82.57192964907803,4.857172332298708,44.21607208251953,84.35823059082031,133.8551025390625,2.6009454166187957,4.962248858283548,7.873829561121323,84,85,84
00-0033307,Kendrick Bourne,WR,ARI,97,275,82.11766708924928,4.830451005249958,38.7923583984375,72.19964599609375,123.97364807128906,2.281903435202206,4.247037999770221,7.292567533605239,95,102,93
00-0040729,Jack Bech,WR,LV,98,276,81.95370609607195,4.820806240945409,43.58919906616211,91.759796142578125,128.96456909179688,2.5640705333036533,5.397635067210478,7.586151123046875,88,76,88
00-0039355,Luke McCaffrey,WR,WAS,99,278,80.96089551209714,4.762405618358655,24.488859176635742,57.31676483154297,86.90000915527344,1.4405211280373966,3.3715744018554688,5.11176524442785,117,113,120
00-0039739,Roman Wilson,WR,PIT,100,280,80.53793404192074,4.73752553187769,41.92878341674805,72.44501495361328,106.13549041748047,2.466399024514591,4.261471467859605,6.243264142204733,92,100,104
00-0036626,Dyami Brown,WR,WAS,101,282,80.40172558355431,4.729513269620842,29.95233917236328,77.25959014892578,127.86009216308594,1.7619023042566635,4.544681773466222,7.521181891946232,110,98,90
00-0036415,Van Jefferson,WR,WAS,102,284,79.71490695424748,4.689112173779264,37.15650939941406,82.34986877441406,118.50133514404297,2.1856770234949447,4.844109927906709,6.970666773178998,97,94,99
00-0037231,Kevin Austin Jr.,WR,NO,103,288,78.0091975204601,4.588776324732947,34.47541427612305,67.22052764892578,95.49610900878906,2.027965545654297,3.9541486852309284,5.6174181769875915,103,105,113
00-0039451,Isaiah Williams,WR,NYJ,104,296,74.52893072779811,4.384054748694006,34.33306121826172,84.10198211669922,122.2548599243164,2.0195918363683365,4.9471754186293655,7.191462348489201,104,87,94
00-0036849,Tutu Atwell,WR,MIA,105,299,73.69687198767294,4.335110116921937,32.432735443115234,62.59017562866211,107.40017700195312,1.9078079672420727,3.681775036980124,6.317657470703125,107,107,103
00-0040581,Dont'e Thornton Jr.,WR,LV,106,304,71.26696355812413,4.192174326948479,30.766464233398438,71.52454376220703,126.85997772216797,1.8097920137293197,4.207326103659237,7.462351630715763,109,103,91
00-0039751,Jordan Whittington,WR,LA,107,305,70.85575737967955,4.167985728216443,36.220680236816406,65.75071716308594,83.97200775146484,2.1306282492244946,3.867689244887408,4.939529867733226,100,106,122
00-0033857,JuJu Smith-Schuster,WR,NYG,108,309,69.71870468981423,4.101100275871425,27.237117767333984,55.870941162109375,92.5220947265625,1.6021833980784697,3.286525950712316,5.442476160386029,113,114,115
00-0039792,Devontez Walker,WR,BAL,109,312,69.21157403118384,4.071269060657873,18.682039260864258,35.34026336669922,83.47264099121094,1.0989434859331917,2.078839021570542,4.910155352424173,135,149,125
00-0035500,Greg Dortch,WR,DET,110,314,68.54530158837741,4.0320765640222005,24.976287841796875,55.84253692626953,110.1292495727539,1.4691934024586397,3.2848551133099724,6.478191151338465,116,115,102
00-0037741,Jahan Dotson,WR,ATL,111,316,67.63363643245718,3.978449201909246,33.5233268737793,72.33058166503906,122.24868774414062,1.9719604043399586,4.254740097943475,7.191099279067096,106,101,95
00-0040590,Konata Mumpfield,WR,LA,112,322,65.17740617406216,3.83396506906248,25.550344467163086,60.41633987426758,98.84638977050781,1.5029614392448873,3.5539023455451515,5.814493515912225,114,110,110
00-0040218,Jimmy Horn Jr.,WR,CAR,113,324,64.33093941989695,3.7841729070527617,30.904897689819336,53.22734832763672,81.73735809326172,1.8179351582246668,3.1310204898609832,4.808079887838924,108,120,128
00-0037742,Treylon Burks,WR,WAS,114,325,64.18931212591322,3.775841889759601,37.22593307495117,58.823097229003906,91.514801025390625,2.1897607691147747,3.4601821899414062,5.3832235897288605,96,112,118
00-0036427,Tyler Johnson,WR,DAL,115,328,63.1837105629437,3.716688856643747,19.493366241455078,52.29034423828125,83.67639923095703,1.146668602438534,3.0759026022518383,4.922141131232767,133,123,124
00-0040277,Jahdae Walker,WR,CHI,116,331,62.429715071922665,3.672336180701333,25.484397888183594,62.04442596435547,113.6744384765625,1.499082228716682,3.6496721155503216,6.686731675091912,115,108,101
00-0040009,Savion Williams,WR,GB,117,333,61.45920444789996,3.6152473204647033,23.21493148803711,49.401268005371094,73.74309539794922,1.3655842051786535,2.905956941492417,4.3378291410558365,121,128,141
00-0038891,Shedrick Jackson,WR,LV,118,335,60.14377312262602,3.5378690072132954,21.243690490722656,37.406829833984375,79.84143829345703,1.2496288523954504,2.2004017549402572,4.696555193732767,128,145,132
00-0036165,Isaiah Hodgins,WR,NYG,119,339,59.433494903192475,3.4960879354819103,20.67460823059082,51.77737808227539,83.30491638183594,1.2161534253288717,3.045728122486788,4.900289198931525,130,125,126
00-0040024,Darius Cooper,WR,PHI,120,345,57.89605527908933,3.4056503105346665,23.00355339050293,50.91506576538086,78.05925750732422,1.3531501994413488,2.9950038685518154,4.591721029842601,122,126,136
00-0038839,Mitchell Tinsley,WR,CIN,121,346,57.75574354833011,3.3973966793135357,27.736528396606445,55.72172546386719,93.95284271240234,1.6315604939180262,3.2777485566980697,5.526637806611903,112,116,114
00-0039884,Tahj Washington,WR,MIA,122,347,57.22996710496625,3.3664686532333086,23.798295974731445,51.88233947753906,80.26322174072266,1.3998997632194967,3.0519023222081803,4.721365984748392,118,124,131
00-0040317,Jacoby Jones,WR,WAS,123,351,55.98581680010757,3.293283341182798,12.797783851623535,31.160799026489258,64.64497375488281,0.7528108148013845,1.8329881780287798,3.8026455149931064,151,157,155
00-0039394,Casey Washington,WR,ATL,124,352,55.277415060171364,3.2516126505983154,23.52614402770996,47.344207763671875,92.081787109375,1.3838908251594095,2.7849533978630516,5.416575712316177,120,131,116
00-0039920,Malachi Corley,WR,CLE,125,358,53.823726030031345,3.1661015311783145,19.982440948486328,52.962913513183594,79.50312805175781,1.175437702852137,3.1154655007755054,4.676654591279871,132,121,133
00-0039623,Mason Tipton,WR,NO,126,360,52.9586312801562,3.1152136047150703,22.65900993347168,52.59731674194336,85.27393341064453,1.33288293726304,3.0939598083496094,5.0161137300379135,124,122,121
00-0036182,Nick Westbrook-Ikhine,WR,IND,127,361,52.80385463179789,3.1061090959881112,33.739952087402344,61.17729187011719,104.19112396240234,1.9847030639648438,3.598664227653952,6.128889644847197,105,109,106
00-0040522,Xavier Restrepo,WR,TEN,128,362,52.742271990437196,3.102486587672776,17.626726150512695,54.625457763671875,98.527557373046875,1.0368662441478056,3.2132622213924633,5.795738669002757,138,117,111
00-0040388,Jakobie Keeney-James,WR,GB,129,364,51.6746839402887,3.039687290605218,28.015411376953125,46.16816711425781,54.34613800048828,1.6479653751148897,2.7157745361328125,3.1968316470875457,111,133,167
00-0040172,Jordan Watkins,WR,SF,130,365,51.60321785748446,3.0354834033814386,22.16680335998535,46.492427825927734,76.19187927246094,1.303929609410903,2.7348486956428077,4.481875251321232,125,132,138
00-0038728,Jared Wayne,WR,HOU,131,366,51.59308303292996,3.034887237231174,21.81566619873047,38.922489166259766,80.59101104736328,1.283274482278263,2.2895581862505745,4.740647708668428,126,144,130
00-0038359,Xavier Smith,WR,LA,132,368,51.20394225217654,3.0119966030692082,22.856483459472656,45.20813751220703,74.7083740234375,1.3444990270278032,2.6593022066004135,4.394610236672794,123,134,140
00-0040184,KeAndre Lambert-Smith,WR,LAC,133,373,48.87816824384338,2.875186367284905,16.034387588500977,41.51444625854492,82.006927490234375,0.9431992699118221,2.4420262505026424,4.823936911190257,141,139,127
00-0038647,Ronnie Bell,WR,NO,134,374,48.8167998331989,2.871576460776406,21.324033737182617,49.27223205566406,96.95320129394531,1.2543549257166244,2.898366591509651,5.703129487879136,127,129,112
00-0040563,Efton Chism III,WR,NE,135,378,47.89877571099872,2.817575041823454,12.740650177001953,33.55219268798828,90.772216796875,0.7494500104118796,1.9736583934110754,5.339542164522059,152,153,119
00-0038938,Jalin Hyatt,WR,NYG,136,379,47.74297662949052,2.808410389970031,15.849960327148438,54.06281661987305,91.647064208984375,0.9323506074793199,3.180165683521944,5.391003776999081,143,119,117
00-0039379,Jamari Thrash,WR,CLE,137,380,46.95354142045089,2.7619730247324052,14.405562400817871,34.52756881713867,60.85007095336914,0.8473860235775218,2.0310334598316864,3.579415938433479,148,151,160
00-0032464,Kalif Raymond,WR,CHI,138,381,46.88663984726432,2.758037638074372,20.632749557495117,49.077796936035156,77.7914047241211,1.2136911504408892,2.8869292315314796,4.575964983771829,131,130,137
00-0040582,Arian Smith,WR,NYJ,139,386,46.560497224318496,2.738852777901088,23.698183059692383,54.357276916503906,72.012237548828125,1.394010768217199,3.1974868774414062,4.236013973460478,119,118,145
00-0035359,David Sills,WR,TB,140,387,46.309762557662566,2.724103679862504,20.975994110107422,59.5221061706543,103.10053253173828,1.2338820064769072,3.5013003629796646,6.06473720774931,129,111,108
00-0035891,Cody White,WR,SEA,141,398,42.5066025127511,2.500388383103006,10.362841606140137,26.939056396484375,40.25214385986328,0.6095789180082434,1.5846503762637867,2.367773168227252,158,164,177
00-0033375,Tim Patrick,WR,NYJ,142,400,40.40802486101851,2.376942638883442,17.36737823486328,50.642948150634766,65.22137451171875,1.0216104844037224,2.978996950037339,3.836551441865809,139,127,152
00-0038573,Derius Davis,WR,LAC,143,403,40.17639891003355,2.36331758294315,11.981861114501953,40.419315338134766,64.88055419921875,0.7048153596765855,2.377606784596163,3.8165031881893383,153,141,154
00-0036841,Austin Trammell,WR,JAX,144,408,39.0847051830903,2.2991003048876646,18.394283294677734,43.32041931152344,81.62554931640625,1.082016664392808,2.5482599595013786,4.801502900965073,136,138,129
00-0035645,Gunner Olszewski,WR,NYG,145,412,38.71386272418468,2.2772860425990986,6.726844787597656,19.835481643676758,79.15149688720703,0.3956967522116268,1.1667930378633387,4.655970405129826,164,170,134
00-0038840,Brycen Tremayne,WR,CAR,146,413,38.689890592421015,2.2758759172012364,19.100719451904297,30.782840728759766,66.024383544921875,1.1235717324649586,1.8107553369858687,3.8837872673483456,134,160,151
00-0040259,Gage Larvadain,WR,CLE,147,414,38.53651626379871,2.2668538978705124,4.353057861328125,44.25641632080078,68.04640197753906,0.25606222713694854,2.6033186071059284,4.0027295280905335,167,136,147
00-0034386,Justin Watson,WR,HOU,148,420,37.05452539791696,2.179677964583351,15.983227729797363,34.55104446411133,67.652587890625,0.9401898664586684,2.0324143802418426,3.9795639935661766,142,150,148
00-0036959,Michael Bandy,WR,DEN,149,422,36.702379887286305,2.1589635227815474,11.654752731323242,23.6572322845459,66.40110778808594,0.6855736900778377,1.3916018990909351,3.9059475169462314,155,166,150
00-0040154,Tai Felton,WR,MIN,150,423,36.62825698142899,2.154603351848764,9.570015907287598,41.241214752197266,61.57001495361328,0.5629421121933881,2.42595380895278,3.6217655855066635,160,140,159
00-0040646,Jalen Royals,WR,KC,151,424,36.605351314357115,2.1532559596680656,13.26229190826416,39.277347564697266,73.26097869873047,0.7801348181331859,2.3104322096880745,4.30946933521944,150,143,142
00-0040406,Quentin Skinner,WR,NYJ,152,425,36.28513606964018,2.1344197688023634,2.7178969383239746,32.06061553955078,73.03534698486328,0.15987629048964558,1.885918561150046,4.296196881462546,171,156,143
00-0038953,Dylan Drummond,WR,ATL,153,427,35.97177181555235,2.1159865773854323,15.5904541015625,35.86284255981445,78.1733169555664,0.9170855353860294,2.1095789741067326,4.598430409150965,145,147,135
00-0039589,Kameron Johnson,WR,TB,154,429,35.64193073848415,2.096584161087303,11.976737976074219,30.676172256469727,59.94150161743164,0.7045139985926011,1.8044807209688074,3.5259706833783317,154,161,162
00-0040432,Beaux Collins,WR,NYG,155,430,35.30223424110152,2.0766020141824426,14.862152099609375,40.11659622192383,72.28123474121094,0.8742442411534926,2.3597997777602253,4.251837337718291,146,142,144
00-0039521,Xavier Weaver,WR,ARI,156,431,34.80802076022016,2.047530632954127,14.782386779785156,30.851211547851562,75.412261962890625,0.8695521635167739,1.8147771498736214,4.436015409581802,147,159,139
00-0036862,Ben Skowronek,WR,PIT,157,432,34.806322072964214,2.0474307101743654,15.654435157775879,33.50688552856445,51.56639862060547,0.9208491269279929,1.9709932663861442,3.0333175659179688,144,154,170
00-0035021,Ashton Dulin,WR,IND,158,434,33.456661349829695,1.9680389029311585,3.2099857330322266,23.082998275756836,61.622230529785156,0.18882269017836628,1.3578234279856962,3.6248370899873623,170,167,158
00-0039062,Jonathan Mingo,WR,DAL,159,435,33.00080803830294,1.9412240022531142,13.288895606994629,44.625640869140625,67.588653564453125,0.7816997415879193,2.6250376981847428,3.975803150850184,149,135,149
00-0039816,Anthony Gould,WR,IND,160,436,32.239330204246244,1.896431188485073,11.600976943969727,33.4957160949707,57.02699661254883,0.6824104084688074,1.9703362408806295,3.354529212502872,156,155,163
00-0035298,Scott Miller,WR,CHI,161,437,32.229258690138494,1.895838746478735,9.90091609954834,33.575801849365234,65.08769226074219,0.5824068293851965,1.9750471676097197,3.828687780043658,159,152,153
00-0038090,Skyy Moore,WR,GB,162,438,32.07850783077286,1.8869710488689915,16.795015335083008,43.59040832519531,56.33580780029297,0.9879420785342946,2.5641416661879597,3.313871047076057,140,137,165
00-0033589,David Moore,WR,CAR,163,441,30.979416545892235,1.822318620346602,17.743942260742188,36.981773376464844,83.96049499511719,1.0437613094554228,2.1753984339096966,4.9388526467716,137,146,123
00-0038752,Jake Bobo,WR,SEA,164,450,28.428215615866424,1.6722479774039074,10.56055736541748,29.75171661376953,32.06538772583008,0.6212092567892635,1.7501009772805607,1.8861992779900045,157,163,178
00-0034418,Cedrick Wilson Jr.,WR,DET,165,451,28.06284088343169,1.650755346084217,2.5842692852020264,20.16855812072754,41.09775924682617,0.15201584030600154,1.1863857718075024,2.417515249813304,172,169,176
00-0038519,Nikko Remigio,WR,KC,166,453,26.050613324998668,1.5323890191175686,8.037009239196777,18.639942169189453,49.67104721069336,0.4727652493645163,1.096467186422909,2.921826306511374,162,174,171
00-0038576,Charlie Jones,WR,CIN,167,455,24.965764868368012,1.4685744040216477,3.7056798934936523,19.794090270996094,46.7561149597168,0.21798117020550897,1.1643582512350643,2.750359703512753,168,171,174
00-0036630,Tylan Wallace,WR,CLE,168,456,24.267100183438895,1.4274764813787586,0,19.174528121948242,51.70991516113281,0,1.127913418938132,3.0417597153607536,177,172,169
00-0037132,Britain Covey,WR,PHI,169,465,21.635603444222735,1.2726825555425139,8.311443328857422,35.43409729003906,55.601905822753906,0.48890843110926013,2.0843586641199447,3.2707003425149357,161,148,166
00-0039650,Bryce Oliver,WR,TEN,170,469,19.828882799297276,1.1664048705468986,1.8004940748214722,17.614261627197266,49.28250503540039,0.10591141616596896,1.0361330368939567,2.8989708844353173,173,175,172
00-0036497,Tim Jones,WR,JAX,171,470,18.99189208457948,1.1171701226223223,6.411798477172852,15.317670822143555,60.22805404663086,0.3771646163042854,0.9010394601260915,3.542826708625345,165,178,161
00-0036331,Devin Duvernay,WR,ARI,172,471,18.885324388012474,1.1109014345889692,3.4025161266326904,30.932748794555664,64.118927001953125,0.20014800744898179,1.8195734585032743,3.771701588350184,169,158,157
00-0035544,Tom Kennedy,WR,DET,173,474,16.17001718000013,0.9511774811764783,4.680876731872559,16.80360984802246,68.20503997802734,0.27534569011015053,0.9884476381189683,4.012061175178079,166,177,146
00-0036176,Mason Kinsey,WR,TEN,174,475,16.122991123830225,0.9484112425782485,0,18.966102600097656,64.52994537353516,0,1.1156530941233915,3.795879139619715,177,173,156
00-0034419,Braxton Berrios,WR,NYG,175,477,14.384422857091332,0.8461425210053725,0.5593200922012329,23.77497673034668,56.60151290893555,0.03290118189419017,1.3985280429615694,3.3295007593491497,176,165,164
00-0037098,Samori Toure,WR,PHI,176,478,13.532582380296331,0.7960342576644901,6.979018688201904,30.516338348388672,54.3023567199707,0.41053051107070027,1.7950787263758041,3.1942562776453354,163,162,168
00-0037093,Dareke Young,WR,LV,177,479,12.975485745956515,0.7632638674092068,1.395760178565979,17.215076446533203,43.58353805541992,0.08210353991564583,1.0126515556784237,2.56373753267176,175,176,175
00-0038911,Malik Cunningham,WR,DET,178,481,11.61678556582102,0.6833403274012365,1.715290904045105,21.656444549560547,47.05343246459961,0.1008994649438297,1.2739085029153263,2.7678489685058594,174,168,173
