"","player_id","player","position","draft_team","position_rank_mean","overall_raw_points_rank","expected_ppr_17","expected_ppg","downside_ppr_17","median_ppr_17","upside_ppr_17","downside_ppg","median_ppg","upside_ppg","position_rank_floor","position_rank_median","position_rank_ceiling","player_key","espn_projected_ppr","projection_range","uncertainty_score","espn_difference","espn_position_rank","upside_headroom","downside_risk","total_uncertainty","upside_pct","downside_pct","uncertainty_pct","espn_adp","espn_position_adp_rank","ceiling_value_gap","ceiling_gap_vs_espn","median_value_gap","median_gap_vs_espn","floor_value_gap","floor_gap_vs_espn","mean_value_gap"
"1","00-0038542","Bijan Robinson","RB","ATL",1,1,323.967390752142,19.0569053383613,214.721221923828,301.368438720703,426.648284912109,12.6306601131664,17.7275552188649,25.0969579360064,3,1,2,"bijanrobinson",352.80097344,211.927062988281,0.703215850630886,-28.8335826878583,2,125.279846191406,86.647216796875,211.927062988281,0.415703272456844,0.287512578174042,0.703215850630886,2.4,2,0,0,1,1,-1,-1,1
"2","00-0039139","Jahmyr Gibbs","RB","DET",2,14,297.345891567068,17.4909347980628,221.799118041992,301.171752929688,440.229309082031,13.0470069436466,17.7159854664522,25.8958417107077,2,2,1,"jahmyrgibbs",365.66727684,218.430191040039,0.725267854356297,-68.3213852729319,1,139.057556152344,79.3726348876953,218.430191040039,0.461721774368424,0.263546079987873,0.725267854356297,1.3,1,0,0,-1,-1,-1,-1,-1
"3","00-0039040","De'Von Achane","RB","MIA",3,15,294.116327909472,17.3009604652631,212.792556762695,269.85693359375,352.6083984375,12.517209221335,15.8739372702206,20.7416704963235,4,5,5,"devonachane",293.57397401,139.815841674805,0.518110985005437,0.542353899472516,5,82.75146484375,57.0643768310547,139.815841674805,0.306649392853201,0.211461592152236,0.518110985005437,12.4,6,1,0,1,0,2,1,3
"4","00-0033280","Christian McCaffrey","RB","SF",4,19,291.044756750106,17.1202798088297,189.997344970703,253.187118530273,359.597259521484,11.1763144100414,14.8933599135455,21.152779971852,9,6,4,"christianmccaffrey",341.88631234,169.599914550781,0.669859965764816,-50.8415555898943,3,106.410140991211,63.1897735595703,169.599914550781,0.420282602088572,0.249577363676244,0.669859965764816,7.7,4,0,-1,-2,-3,-5,-6,0
"5","00-0036223","Jonathan Taylor","RB","IND",5,24,280.889606305461,16.5229180179683,222.180877685547,290.964080810547,335.167877197266,13.0694633932675,17.1155341653263,19.7157574821921,1,3,6,"jonathantaylor",316.30331382,112.986999511719,0.388319407663543,-35.4137075145388,4,44.2037963867188,68.783203125,112.986999511719,0.15192183263164,0.236397575031903,0.388319407663543,6.2,3,-3,-2,0,1,2,3,-2
"6","00-0040122","Ashton Jeanty","RB","LV",6,28,268.266214941629,15.7803655848017,197.479598999023,251.564895629883,362.778839111328,11.6164469999426,14.7979350370519,21.3399317124311,7,8,3,"ashtonjeanty",278.89877031,165.299240112305,0.657083889619889,-10.6325553683708,7,111.213943481445,54.0852966308594,165.299240112305,0.442088484575645,0.214995405044243,0.657083889619889,21.8,11,8,4,3,-1,4,0,5
"7","00-0037248","James Cook","RB","BUF",7,31,251.524870507695,14.7955806180997,205.744720458984,282.410766601562,323.383392333984,12.1026306152344,16.612398035386,19.0225524902344,5,4,7,"jamescook",280.31414284,117.638671875,0.416551653786521,-28.7892723323049,6,40.9726257324219,76.6660461425781,117.638671875,0.145081670311203,0.271469983475318,0.416551653786521,10.1,5,-2,-1,1,2,0,1,-2
"8","00-0038120","Breece Hall","RB","NYJ",8,44,232.068817686535,13.6511069227374,181.609359741211,217.045059204102,237.431549072266,10.6829035141889,12.7673564237707,13.9665617101333,15,16,21,"breecehall",274.47317751,55.8221893310546,0.257191707269233,-42.4043598234647,9,20.386489868164,35.4356994628906,55.8221893310546,0.0939274542480752,0.163264253021158,0.257191707269233,36,15,-6,-12,-1,-7,0,-6,7
"9","00-0037840","Kyren Williams","RB","LA",9,46,227.159633591515,13.3623313877362,186.640594482422,230.943878173828,252.631591796875,10.978858498966,13.5849340102252,14.8606818704044,12,12,17,"kyrenwilliams",232.01003414,65.9909973144531,0.285744735198318,-4.85040054848452,16,21.6877136230469,44.3032836914062,65.9909973144531,0.0939090215100781,0.19183571368824,0.285744735198318,35,14,-3,-1,2,4,2,4,5
"10","00-0038597","Chase Brown","RB","CIN",10,47,226.953256271109,13.3501915453594,182.56950378418,189.776245117188,260.643035888672,10.73938257554,11.1633085363051,15.3319432875689,14,21,16,"chasebrown",271.60865615,78.0735321044922,0.411397812493769,-44.6553998788906,12,70.8667907714844,7.20674133300781,78.0735321044922,0.373422873488322,0.0379749390054463,0.411397812493769,17,9,-7,-4,-12,-9,-5,-2,-1
"11","00-0036997","Javonte Williams","RB","DAL",11,48,226.245982239008,13.3085871905299,198.710678100586,252.436630249023,281.121368408203,11.6888634176815,14.8492135440602,16.5365510828355,6,7,10,"javontewilliams",259.48689499,82.4106903076172,0.32646090318319,-33.2409127509919,14,28.6847381591797,53.7259521484375,82.4106903076172,0.113631441407227,0.212829461775963,0.32646090318319,32.7,13,3,4,6,7,7,8,2
"12","00-0034844","Saquon Barkley","RB","PHI",12,51,223.996850444937,13.1762853202904,168.219146728516,220.026519775391,262.691833496094,9.8952439252068,12.9427364573759,15.4524607938879,17,15,15,"saquonbarkley",273.30217759,94.4726867675781,0.429369545380341,-49.3053271450634,10,42.6653137207031,51.807373046875,94.4726867675781,0.193909869429635,0.235459675950706,0.429369545380341,14,7,-8,-5,-8,-5,-10,-7,-5
"13","00-0035700","Josh Jacobs","RB","GB",13,58,217.439725075025,12.7905720632368,189.963531494141,234.071624755859,264.840637207031,11.1743253820083,13.7689191032858,15.5788610121783,10,11,14,"joshjacobs",164.38297688,74.8771057128906,0.319889716624083,53.0567481950252,33,30.7690124511719,44.1080932617187,74.8771057128906,0.13145127045307,0.188438446171014,0.319889716624083,77.5,24,10,19,13,22,14,23,11
"14","00-0039361","Bucky Irving","RB","TB",14,61,215.991750370507,12.705397080618,161.627014160156,184.651290893555,251.365707397461,9.50747142118566,10.8618406407973,14.7862180822036,18,22,18,"buckyirving",207.11084758,89.7386932373047,0.485990067023339,8.88090279050684,20,66.7144165039063,23.0242767333984,89.7386932373047,0.361299486080305,0.124690580943034,0.485990067023339,56.8,20,2,2,-2,-2,2,2,6
"15","00-0032764","Derrick Henry","RB","BAL",15,63,215.031436880087,12.6489080517699,148.587951660156,228.555084228516,281.847534179688,8.74046774471507,13.4444167193244,16.5792667164522,22,13,9,"derrickhenry",277.81109202,133.259582519531,0.583052365557069,-62.7796551399126,8,53.2924499511719,79.9671325683593,133.259582519531,0.233171141788684,0.349881223768385,0.583052365557069,16.5,8,-1,-1,-5,-5,-14,-14,-7
"16","00-0036275","D'Andre Swift","RB","CHI",16,66,212.831364403402,12.5194920237295,185.509399414062,223.314270019531,277.412628173828,10.9123176125919,13.1361335305607,16.3183898925781,13,14,11,"dandreswift",210.47199177,91.9032287597656,0.411542122909242,2.35937263340196,19,54.0983581542969,37.8048706054688,91.9032287597656,0.242252132609194,0.169289990300048,0.411542122909242,51.7,19,8,8,5,5,6,6,3
"17","00-0040784","Quinshon Judkins","RB","CLE",17,68,208.084224949803,12.240248526459,130.904861450195,204.285003662109,245.790267944336,7.70028596765855,12.0167649213006,14.4582510555492,26,18,19,"quinshonjudkins",226.74554228,114.885406494141,0.562378071981059,-18.6613173301975,18,41.5052642822266,73.380142211914,114.885406494141,0.203173329114637,0.359204742866422,0.562378071981059,48.5,18,-1,-1,0,0,-8,-8,1
"18","00-0036973","Travis Etienne","RB","NO",18,71,206.421975375406,12.1424691397297,187.144317626953,238.359527587891,275.475982666016,11.0084892721737,14.0211486816406,16.2044695685892,11,10,12,"travisetienne",246.69980163,88.3316650390625,0.370581641661007,-40.2778262545945,15,37.116455078125,51.2152099609375,88.3316650390625,0.155716263804219,0.214865377856788,0.370581641661007,40.6,16,4,3,6,5,5,4,-2
"19","00-0037228","Jaylen Warren","RB","PIT",19,74,205.117697367666,12.0657469039803,173.061630249023,204.19660949707,221.622314453125,10.1800958970014,12.0115652645335,13.0366067325368,16,19,24,"jaylenwarren",193.96027522,48.5606842041016,0.237813371748458,11.1574221476656,25,17.4257049560547,31.1349792480469,48.5606842041016,0.0853378760743072,0.152475495674151,0.237813371748458,86.4,26,2,1,7,6,10,9,7
"20","00-0040666","Omarion Hampton","RB","LAC",20,76,203.417987768693,11.9657639863937,193.21501159668,245.318359375,317.986663818359,11.3655889174517,14.4304917279412,18.7050978716682,8,9,8,"omarionhampton",261.71448375,124.77165222168,0.508611147325303,-58.2964959813069,13,72.6683044433594,52.1033477783203,124.77165222168,0.296220407753,0.212390739572303,0.508611147325303,18.1,10,2,5,1,4,2,5,-10
"21","00-0040715","Cam Skattebo","RB","NYG",21,79,200.655300568732,11.8032529746313,158.783676147461,202.228057861328,267.371643066406,9.34021624396829,11.8957681094899,15.7277437097886,19,20,13,"camskattebo",227.38681901,108.587966918945,0.536957967491367,-26.7315184412683,17,65.1435852050781,43.4443817138672,108.587966918945,0.322129312292305,0.214828655199062,0.536957967491367,45,17,4,4,-3,-3,-2,-2,-4
"22","00-0035261","Tony Pollard","RB","TEN",22,83,194.217828272928,11.4245781337016,111.356925964355,154.260314941406,195.178039550781,6.55040740966797,9.0741361730239,11.481061150046,29,30,32,"tonypollard",185.53767849,83.8211135864258,0.54337444869255,8.68014978292805,27,40.917724609375,42.9033889770508,83.8211135864258,0.26525114138991,0.27812330730264,0.54337444869255,87.2,27,-5,-5,-3,-3,-2,-2,5
"23","00-0040734","TreVeyon Henderson","RB","NE",23,86,193.357701940257,11.373982467074,150.41911315918,208.624145507812,245.776519775391,8.84818312701057,12.2720085592831,14.4574423397289,21,17,20,"treveyonhenderson",197.871002,95.357406616211,0.457077517964669,-4.51330005974256,24,37.1523742675782,58.2050323486328,95.357406616211,0.178082810966801,0.278994706997868,0.457077517964669,77.4,23,3,4,6,7,2,3,0
"24","00-0038134","Kenneth Walker III","RB","KC",24,88,188.555693219975,11.0915113658809,116.016632080078,175.10612487793,223.907730102539,6.82450776941636,10.300360286937,13.1710429472082,28,24,23,"kennethwalker",273.0838511,107.891098022461,0.616146911466827,-84.5281578800247,11,48.8016052246093,59.0894927978516,107.891098022461,0.27869730575461,0.337449605712217,0.616146911466827,24.8,12,-11,-12,-12,-13,-16,-17,-12
"25","00-0036139","Rico Dowdle","RB","PIT",25,96,181.448952089266,10.6734677699568,142.126098632812,169.795211791992,183.290267944336,8.36035874310662,9.98795363482307,10.7817804673139,23,25,35,"ricodowdle",188.32135431,41.1641693115234,0.242434217532304,-6.87240222073382,26,13.4950561523437,27.6691131591797,41.1641693115234,0.0794784258632443,0.162955791669059,0.242434217532304,95,28,-7,-9,3,1,5,3,3
"26","00-0039165","Zach Charbonnet","RB","SEA",26,97,181.361649909226,10.6683323476015,97.9275665283203,160.832412719727,207.981475830078,5.7604450899012,9.46073015998392,12.2342044605928,34,26,26,"zachcharbonnet",133.98936764,110.053909301758,0.68427692801912,47.3722822692257,40,47.1490631103516,62.9048461914062,110.053909301758,0.293156474575281,0.39112045344384,0.68427692801912,153.4,41,15,14,15,14,7,6,15
"27","00-0040730","RJ Harvey","RB","DEN",27,100,180.192407883154,10.5995534048914,151.160064697266,182.276916503906,219.241714477539,8.89176851160386,10.7221715590533,12.8965714398552,20,23,25,"rjharvey",149.37202933,68.0816497802734,0.373506701156064,30.8203785531537,39,36.9647979736328,31.1168518066406,68.0816497802734,0.202794729484249,0.170711971671815,0.373506701156064,125.6,35,10,14,12,16,15,19,8
"28","00-0036875","Rhamondre Stevenson","RB","NE",29,107,175.097076704591,10.2998280414465,140.096725463867,158.320281982422,187.909774780273,8.24098385081572,9.31295776367188,11.0535161635455,24,27,33,"rhamondrestevenson",203.34139714,47.8130493164062,0.302002047480656,-28.2443204354088,22,29.5894927978516,18.2235565185547,47.8130493164062,0.186896412938027,0.115105634542629,0.302002047480656,78.1,25,-8,-11,-2,-5,1,-2,-4
"29","00-0040583","Woody Marks","RB","HOU",30,119,165.117813579874,9.71281256352198,109.618927001953,137.579986572266,184.321853637695,6.44817217658548,8.09294038660386,10.842461978688,31,33,34,"woodymarks",131.795456,74.7029266357422,0.542978150361307,33.3223575798737,41,46.7418670654297,27.9610595703125,74.7029266357422,0.3397432157829,0.203234934578407,0.542978150361307,151.8,40,6,7,7,8,9,10,10
"30","00-0036158","J.K. Dobbins","RB","DEN",31,120,164.740781706422,9.69063421802481,101.424415588379,155.816589355469,178.654266357422,5.96614209343405,9.16568172679228,10.509074491613,33,29,41,"jkdobbins",174.78613347,77.229850769043,0.495645881407764,-10.0453517635783,32,22.8376770019531,54.3921737670898,77.229850769043,0.146567686383206,0.349078195024558,0.495645881407764,111.5,31,-10,-9,2,3,-2,-1,0
"31","00-0040236","Kyle Monangai","RB","CHI",32,128,158.996042283261,9.35270836960358,93.0573806762695,118.499755859375,201.224502563477,5.47396356919233,6.97057387408088,11.8367354449104,37,41,28,"kylemonangai",175.18508724,108.167121887207,0.912804596961113,-16.1890449567391,31,82.7247467041016,25.4423751831055,108.167121887207,0.698100566572238,0.214704030388875,0.912804596961113,123.6,33,5,3,-8,-10,-4,-6,1
"32","00-0033906","Alvin Kamara","RB","NO",33,133,154.521373438422,9.08949255520128,110.053276062012,156.369552612305,226.591888427734,6.47372212129481,9.19820897719439,13.3289346133961,30,28,22,"alvinkamara",113.43185666,116.538612365723,0.74527688043377,41.0895167784217,43,70.2223358154297,46.316276550293,116.538612365723,0.449079342124459,0.296197538309311,0.74527688043377,161.7,43,21,21,15,15,13,13,10
"33","00-0036555","Chuba Hubbard","RB","CAR",34,135,154.138329001043,9.06696052947314,95.197509765625,126.613456726074,179.860397338867,5.599853515625,7.44785039565142,10.5800233728745,35,36,38,"chubahubbard",180.23597475,84.6628875732422,0.66867211244701,-26.0976457489566,28,53.246940612793,31.4159469604492,84.6628875732422,0.420547246632652,0.248124865814358,0.66867211244701,108.1,30,-8,-10,-6,-8,-5,-7,-4
"34","00-0036919","Kenny Gainwell","RB","TB",35,142,151.691962709875,8.92305662999264,134.031173706055,139.567718505859,195.860855102539,7.88418668859145,8.20986579446232,11.5212267707376,25,32,31,"kennygainwell",177.85590081,61.8296813964843,0.44300846971206,-26.1639381001251,30,56.2931365966797,5.53654479980469,61.8296813964843,0.403339233451153,0.0396692362609069,0.44300846971206,99.9,29,-2,-1,-3,-2,4,5,-6
"35","00-0033293","Aaron Jones","RB","MIN",36,145,149.403700998861,8.78845299993299,93.8577728271484,122.571319580078,167.318939208984,5.5210454604205,7.21007762235754,9.84229054170496,36,39,43,"aaronjones",178.01282116,73.4611663818359,0.599334058191667,-28.6091201611392,29,44.7476196289062,28.7135467529297,73.4611663818359,0.365074144442671,0.234259913748996,0.599334058191667,113.9,32,-11,-14,-7,-10,-4,-7,-4
"36","00-0040242","Jacory Croskey-Merritt","RB","WAS",37,146,149.323348539331,8.78372638466656,78.7969207763672,104.292854309082,156.915603637695,4.63511298684513,6.13487378288718,9.23032962574678,41,45,47,"jacorycroskeymerritt",159.03637485,78.1186828613281,0.749031977107615,-9.71302631066854,36,52.6227493286133,25.4959335327149,78.1186828613281,0.504567160206975,0.24446481690064,0.749031977107615,136.1,37,-10,-11,-8,-9,-4,-5,0
"37","00-0039032","Tyjae Spears","RB","TEN",39,157,138.37969784542,8.13998222620119,87.9184494018555,112.704597473145,204.963348388672,5.17167349422679,6.62968220430262,12.0566675522748,39,43,27,"tyjaespears",154.28387791,117.044898986816,1.03851042114503,-15.9041800645798,37,92.2587509155274,24.786148071289,117.044898986816,0.818589063658303,0.219921357486727,1.03851042114503,146.7,39,12,10,-4,-6,0,-2,0
"38","00-0035685","David Montgomery","RB","HOU",40,168,134.226637117407,7.89568453631807,75.7630004882812,122.883888244629,181.952270507812,4.45664708754596,7.22846401438994,10.7030747357537,42,37,37,"davidmontgomery",199.68127698,106.189270019531,0.864143147945782,-65.4546398625928,23,59.0683822631836,47.1208877563477,106.189270019531,0.480684515333648,0.383458632612134,0.864143147945782,61.4,22,-15,-14,-15,-14,-20,-19,-18
"39","00-0037256","Rachaad White","RB","WAS",41,169,133.393054863524,7.84665028608966,91.5762939453125,119.65673828125,176.106979370117,5.3868408203125,7.03863166360294,10.3592340805951,38,40,42,"rachaadwhite",164.26972817,84.5306854248047,0.706443169344275,-30.8766733064757,34,56.4502410888672,28.0804443359375,84.5306854248047,0.471768175363283,0.234674993980992,0.706443169344275,125.6,35,-7,-8,-5,-6,-3,-4,-6
"40","00-0040162","Dylan Sampson","RB","CLE",44,175,128.582443550632,7.56367315003719,52.0597076416016,89.001091003418,148.160430908203,3.06233574362362,5.2353582943187,8.71531946518842,50,57,49,"dylansampson",88.16406842,96.1007232666016,1.07977017116465,40.4183751306322,48,59.1593399047852,36.9413833618164,96.1007232666016,0.66470353607815,0.415066635086504,1.07977017116465,169.2,48,-1,-1,-9,-9,-2,-2,4
"41","00-0039738","Blake Corum","RB","LA",45,176,128.46596348428,7.55682138142824,75.7403869628906,118.385459899902,158.989944458008,4.45531688017004,6.9638505823472,9.35234967400046,43,42,46,"blakecorum",159.28790712,83.2495574951172,0.703207619968758,-30.82194363572,35,40.6044845581055,42.6450729370117,83.2495574951172,0.342985402028573,0.360222217940186,0.703207619968758,125.5,34,-12,-11,-8,-7,-9,-8,-11
"42","00-0037525","Jordan Mason","RB","MIN",46,178,126.141075231988,7.42006324894044,85.0093765258789,107.69792175293,148.023971557617,5.00055156034582,6.33517186781939,8.70729244456572,40,44,50,"jordanmason",151.74335836,63.0145950317383,0.585105023440474,-25.6022831280125,38,40.3260498046875,22.6885452270508,63.0145950317383,0.374436657164097,0.210668366276377,0.585105023440474,139.1,38,-12,-12,-6,-6,-2,-2,-8
"43","00-0037263","Tyler Allgeier","RB","ARI",51,203,112.902492484265,6.6413230873097,51.6366920471191,92.4743957519531,138.092315673828,3.03745247335995,5.43967033835018,8.12307739257812,52,53,57,"tylerallgeier",92.61906315,86.455623626709,0.93491417731035,20.2834293342648,47,45.617919921875,40.837703704834,86.455623626709,0.493303249520411,0.441610927789939,0.93491417731035,162.8,44,-13,-10,-9,-6,-8,-5,-7
"44","00-0040719","Bhayshul Tuten","RB","JAX",52,211,109.721357047685,6.45419747339323,48.789306640625,100.588912963867,146.498260498047,2.86995921415441,5.91699488022748,8.61754473517923,55,46,53,"bhayshultuten",206.02127737,97.7089538574219,0.971369020485589,-96.2999203223151,21,45.9093475341797,51.7996063232422,97.7089538574219,0.456405643340344,0.514963377145245,0.971369020485589,61.1,21,-32,-32,-25,-25,-34,-34,-31
"45","00-0034975","Justice Hill","RB","BAL",54,216,106.682153412488,6.27542078896985,45.6413955688477,78.2896347045898,108.902847290039,2.6847879746381,4.60527262968176,6.40604984059053,56,65,78,"justicehill",120.09175977,63.2614517211914,0.808043771821081,-13.4096063575125,42,30.6132125854492,32.6482391357422,63.2614517211914,0.391025104421064,0.417018667400017,0.808043771821081,168.9,47,-31,-36,-18,-23,-9,-14,-7
"46","00-0037197","Isiah Pacheco","RB","DET",56,221,104.227145052604,6.1310085325061,61.1459846496582,90.0786209106445,133.41438293457,3.59682262645048,5.2987424065085,7.84790487850414,45,56,59,"isiahpacheco",71.19728946,72.2683982849121,0.802281357710842,33.0298555926038,52,43.3357620239258,28.9326362609863,72.2683982849121,0.48108820479072,0.321193152920122,0.802281357710842,160.8,42,-17,-7,-14,-4,-3,7,-14
"47","00-0040078","Brashard Smith","RB","KC",57,228,100.567537972512,5.9157375277948,43.3951873779297,74.860466003418,128.118255615234,2.55265808105469,4.40355682373047,7.53636797736673,61,68,61,"brashardsmith",59.65474911,84.7230682373047,1.13174647127412,40.9127888625115,54,53.2577896118164,31.4652786254883,84.7230682373047,0.711427439008792,0.42031903226533,1.13174647127412,170.3,50,-11,-7,-18,-14,-11,-7,-7
"48","00-0038611","Chris Rodriguez Jr.","RB","JAX",59,231,99.745377346646,5.867375138038,20.448823928833,74.8950500488281,133.106719970703,1.20287199581371,4.40559117934283,7.82980705710018,87,67,60,"chrisrodriguez",71.996165,112.65789604187,1.5042101710116,27.749212346646,51,58.211669921875,54.4462261199951,112.65789604187,0.777243220799287,0.726966950212313,1.5042101710116,164.4,45,-15,-9,-22,-16,-42,-36,-14
"49","00-0039798","Isaiah Davis","RB","NYJ",60,241,95.4152594536191,5.61266232080112,39.6436004638672,85.7636642456055,139.447280883789,2.33197649787454,5.04492142621209,8.20278122845818,65,60,56,"isaiahdavis",51.05088157,99.8036804199219,1.16370588054761,44.3643778836191,56,53.6836166381836,46.1200637817383,99.8036804199219,0.625948262710036,0.537757617837574,1.16370588054761,170.5,53,-3,0,-7,-4,-12,-9,-7
"50","00-0039794","Braelon Allen","RB","NYJ",62,248,94.0190765534315,5.53053391490773,35.5280456542969,64.8458099365234,109.424087524414,2.08988503848805,3.81445940803079,6.43671103084789,68,74,76,"braelonallen",76.78526613,73.8960418701172,1.13956540819604,17.2338104234315,50,44.5782775878906,29.3177642822266,73.8960418701172,0.687450393965741,0.452115014230299,1.13956540819604,170.9,55,-21,-26,-19,-24,-13,-18,-7
"51","00-0035537","Ty Johnson","RB","BUF",64,250,91.977293756292,5.41042904448777,43.9194793701172,90.6863021850586,113.363288879395,2.58349878647748,5.33448836382698,6.66842875761144,58,55,73,"tyjohnson",84.90616064,69.4438095092773,0.76575853062756,7.07113311629205,49,22.6769866943359,46.7668228149414,69.4438095092773,0.25005966885782,0.51569886176974,0.76575853062756,170.8,54,-19,-24,-1,-6,-4,-9,-10
"52","00-0033526","Samaje Perine","RB","CIN",68,271,82.707070098056,4.86512177047388,43.9108734130859,85.3133392333984,119.641235351562,2.58299255371094,5.01843171961167,7.0377197265625,59,61,69,"samajeperine",100.32797614,75.7303619384766,0.887673165989846,-17.6209060419441,44,34.3278961181641,41.4024658203125,75.7303619384766,0.402374311293226,0.48529885469662,0.887673165989846,171.1,56,-13,-25,-5,-17,-3,-15,-12
"53","00-0037746","Brian Robinson","RB","ATL",73,290,77.7328071406965,4.57251806709979,49.3584785461426,93.0029449462891,111.604614257812,2.90343991447898,5.47076146742877,6.56497730928309,54,51,74,"brianrobinson",93.96950399,62.2461357116699,0.669292093359175,-16.2366968493035,45,18.6016693115234,43.6444664001465,62.2461357116699,0.200011616000614,0.469280477358561,0.669292093359175,167.9,46,-28,-29,-5,-6,-8,-9,-27
"54","00-0038454","Keaton Mitchell","RB","LAC",79,310,69.4501166538582,4.08530097963872,29.2090530395508,80.0399627685547,120.482009887695,1.71817959056181,4.70823310403263,7.08717705221737,77,64,67,"keatonmitchell",93.88785547,91.2729568481445,1.14034232014914,-24.4377388161418,46,40.4420471191406,50.8309097290039,91.2729568481445,0.505273187546123,0.635069132603018,1.14034232014914,169.3,49,-18,-21,-15,-18,-28,-31,-30
"55","00-0037563","Malik Davis","RB","DAL",81,313,68.916606877605,4.05391805162382,37.1967163085938,73.5435485839844,115.523551940918,2.18804213579963,4.32609109317555,6.79550305534812,67,69,71,"malikdavis",57.59972082,78.3268356323242,1.06504019918046,11.316886057605,55,41.9800033569336,36.3468322753906,78.3268356323242,0.570818299704341,0.494221899476114,1.06504019918046,170.3,50,-21,-16,-19,-14,-17,-12,-31
"56","00-0038685","Chris Brooks","RB","GB",92,357,54.0062589855259,3.17683876385446,20.6547908782959,35.3102416992188,62.2179222106934,1.21498769872329,2.07707304113051,3.65987777709961,86,95,103,"chrisbrooks",70.8095271,41.5631313323975,1.17708430563694,-16.8032681144741,53,26.9076805114746,14.6554508209229,41.5631313323975,0.762036146358917,0.415048159278024,1.17708430563694,170.4,52,-51,-50,-43,-42,-34,-33,-40
"57","00-0037744","Trey McBride","TE","ARI",1,30,264.377369695741,15.5516099821024,235.329132080078,260.042449951172,318.228912353516,13.8428901223575,15.2966147030101,18.7193477855009,1,1,1,"treymcbride",241.65202394,82.8997802734375,0.318793259673579,22.7253457557414,1,58.1864624023438,24.7133178710938,82.8997802734375,0.223757553481247,0.0950357061923319,0.318793259673579,23,1,0,0,0,0,0,0,0
"58","00-0039338","Brock Bowers","TE","LV",2,52,223.521285598379,13.1483109175517,178.669082641602,219.446212768555,278.625671386719,10.5099460377413,12.9086007510915,16.3897453756893,2,2,2,"brockbowers",240.89154634,99.9565887451172,0.455494708630672,-17.3702607416211,2,59.1794586181641,40.7771301269531,99.9565887451172,0.26967637249944,0.185818336131232,0.455494708630672,23.9,2,0,0,0,0,0,0,0
"59","00-0040128","Tyler Warren","TE","IND",3,81,197.817897159792,11.6363468917525,161.918014526367,202.539169311523,231.264907836914,9.5245890897863,11.9140687830308,13.6038181080538,3,3,6,"tylerwarren",210.62572952,69.3468933105469,0.342387566544648,-12.8078323602076,3,28.7257385253907,40.6211547851562,69.3468933105469,0.141828065272688,0.20055950127196,0.342387566544648,52.1,4,-2,-3,1,0,1,0,1
"60","00-0040663","Harold Fannin Jr.","TE","CLE",4,85,193.410366991669,11.3770804112746,144.349090576172,186.482376098633,232.398071289062,8.49112297506893,10.9695515352137,13.6704747817096,8,6,5,"haroldfannin",188.86833095,88.0489807128906,0.472157115084808,4.54203604166855,7,45.9156951904297,42.1332855224609,88.0489807128906,0.246220024385277,0.225937090699531,0.472157115084808,70.5,6,1,2,0,1,-2,-1,2
"61","00-0036970","Kyle Pitts","TE","ATL",5,87,189.857354579619,11.1680796811541,151.647766113281,192.527160644531,231.112609863281,8.92045683019301,11.3251270967371,13.5948594037224,4,5,7,"kylepitts",185.14866572,79.46484375,0.412746147005816,4.70868885961949,8,38.58544921875,40.87939453125,79.46484375,0.200415614553167,0.212330532452649,0.412746147005816,68.7,5,-2,1,0,3,1,4,0
"62","00-0033288","George Kittle","TE","SF",6,92,185.557298588535,10.9151352110903,143.620269775391,177.801559448242,237.607681274414,8.44825116325827,10.4589152616613,13.9769224279067,9,7,4,"georgekittle",193.43652005,93.9874114990235,0.528608476723643,-7.87922146146522,5,59.8061218261719,34.1812896728516,93.9874114990235,0.336364439163321,0.192244037560321,0.528608476723643,73,7,3,1,0,-2,-2,-4,1
"63","00-0038996","Tucker Kraft","TE","GB",7,101,178.854963926233,10.5208802309549,123.70783996582,171.022659301758,244.02685546875,7.27693176269531,10.0601564295152,14.3545209099265,12,10,3,"tuckerkraft",172.26815891,120.31901550293,0.703526748994325,6.58680501623255,11,73.0041961669922,47.3148193359375,120.31901550293,0.426868559201744,0.27665818979258,0.703526748994325,91,9,6,8,-1,1,-3,-1,2
"64","00-0040126","Colston Loveland","TE","CHI",8,106,175.344651138513,10.3143912434419,145.024032592773,197.888412475586,226.469421386719,8.53082544663373,11.6404948515051,13.321730669807,7,4,8,"colstonloveland",206.94356188,81.4453887939453,0.411572298625588,-31.5989107414875,4,28.5810089111328,52.8643798828125,81.4453887939453,0.144429926712657,0.267142371912931,0.411572298625588,42.4,3,-5,-4,-1,0,-4,-3,-5
"65","00-0039065","Sam LaPorta","TE","DET",9,113,168.071629890702,9.88656646415896,127.466079711914,136.134460449219,213.145446777344,7.49800468893612,8.00790943818934,12.5379674574908,11,18,9,"samlaporta",188.91204447,85.6793670654297,0.629373097617631,-20.8404145792977,6,77.010986328125,8.66838073730469,85.6793670654297,0.565697958283324,0.0636751393343068,0.629373097617631,74.1,8,-1,-3,-10,-12,-3,-5,-1
"66","00-0030506","Travis Kelce","TE","KC",10,114,167.450453784634,9.85002669321374,147.641677856445,171.950347900391,192.933303833008,8.6848045797909,10.1147263470818,11.3490178725299,6,9,12,"traviskelce",177.18883453,45.2916259765625,0.263399443674284,-9.73838074536644,9,20.9829559326172,24.3086700439453,45.2916259765625,0.122029156607304,0.14137028706698,0.263399443674284,94.5,10,-2,-3,1,0,4,3,0
"67","00-0033090","Hunter Henry","TE","NE",11,122,163.851227881457,9.63830752243862,148.021728515625,177.443176269531,185.143692016602,8.70716050091912,10.4378338982077,10.8908054127413,5,8,15,"hunterhenry",150.26894117,37.1219635009766,0.209204796044618,13.5822867114566,17,7.70051574707031,29.4214477539062,37.1219635009766,0.0433970801749707,0.165807715869648,0.209204796044618,153.2,17,2,2,9,9,12,12,6
"68","00-0036040","Juwan Johnson","TE","NO",12,126,159.497641695932,9.38221421740774,115.163597106934,153.973663330078,184.110504150391,6.77432924158433,9.05727431353401,10.8300296559053,15,12,16,"juwanjohnson",146.86665286,68.9469070434571,0.447783767381396,12.6309888359315,18,30.1368408203125,38.8100662231445,68.9469070434571,0.195727244312602,0.252056523068794,0.447783767381396,157.6,18,2,2,6,6,3,3,6
"69","00-0034351","Dallas Goedert","TE","PHI",13,127,159.004782712286,9.35322251248744,136.637237548828,165.023086547852,187.186019897461,8.03748456169577,9.70724038516774,11.0109423469095,10,11,14,"dallasgoedert",176.94611858,50.5487823486328,0.306313397755867,-17.9413358677135,10,22.1629333496094,28.3858489990234,50.5487823486328,0.13430201684649,0.172011380909376,0.306313397755867,103.3,11,-3,-4,0,-1,1,0,-2
"70","00-0040189","Oronde Gadsden II","TE","LAC",14,130,155.289053129812,9.13465018410661,75.8678359985352,140.645751953125,199.140182495117,4.46281388226677,8.27327952665441,11.7141283820657,22,15,11,"orondegadsden",77.24909335,123.272346496582,0.87647401208155,78.0399597798123,31,58.4944305419922,64.7779159545898,123.272346496582,0.415899020977807,0.460574991103743,0.87647401208155,170.2,33,22,20,18,16,11,9,19
"71","00-0038041","Jake Ferguson","TE","DAL",15,131,155.272574763003,9.13368086841196,115.318069458008,138.729232788086,175.78010559082,6.78341585047105,8.16054310518153,10.3400062112247,14,16,19,"jakeferguson",166.58216589,60.4620361328125,0.435827654472583,-11.3095911269966,13,37.0508728027344,23.4111633300781,60.4620361328125,0.267073291317995,0.168754363154589,0.435827654472583,111,12,-7,-6,-4,-3,-2,-1,-3
"72","00-0034383","Dalton Schultz","TE","HOU",16,137,153.517087143439,9.03041689079053,119.408782958984,151.40966796875,175.587631225586,7.02404605641085,8.90645105698529,10.3286841897403,13,13,20,"daltonschultz",132.94023087,56.1788482666016,0.371038712522615,20.576856273439,22,24.1779632568359,32.0008850097656,56.1788482666016,0.159685729327576,0.211352983195039,0.371038712522615,168.9,21,1,2,8,9,8,9,5
"73","00-0038933","Dalton Kincaid","TE","BUF",17,143,150.338695392482,8.84345267014601,100.208831787109,137.723342895508,187.76383972168,5.89463716394761,8.10137311150046,11.0449317483341,16,17,13,"daltonkincaid",155.55128355,87.5550079345703,0.635731068487056,-5.21258815751787,15,50.0404968261719,37.5145111083984,87.5550079345703,0.363340707349357,0.272390361137698,0.635731068487056,130.8,15,2,2,-2,-2,-1,-1,-2
"74","00-0038129","Cade Otton","TE","TB",18,144,150.173671760548,8.83374539767928,90.9348678588867,136.0869140625,180.547958374023,5.34910987405216,8.00511259191176,10.6204681396484,17,19,17,"cadeotton",102.08702502,89.6130905151367,0.658498953646495,48.0866467405478,28,44.4610443115234,45.1520462036133,89.6130905151367,0.32671065118799,0.331788302458505,0.658498953646495,170.3,37,20,11,18,9,20,11,19
"75","00-0038935","Brenton Strange","TE","JAX",19,154,144.373149735555,8.49253821973854,86.9935913085938,141.547485351562,201.523941040039,5.1172700769761,8.32632266773897,11.8543494729435,18,14,10,"brentonstrange",142.57476404,114.530349731445,0.809130232493961,1.79838569555523,19,59.9764556884765,54.5538940429688,114.530349731445,0.423719683465323,0.385410549028638,0.809130232493961,167.9,19,9,9,5,5,1,1,0
"76","00-0040736","Mason Taylor","TE","NYJ",20,158,137.684775035706,8.09910441386508,76.4798355102539,129.923126220703,177.972305297852,4.49881385354435,7.64253683651195,10.4689591351677,21,20,18,"masontaylor",70.36266288,101.492469787598,0.781173242515657,67.3221121557064,34,48.0491790771484,53.4432907104492,101.492469787598,0.369827762576512,0.411345479939145,0.781173242515657,170,30,12,16,10,14,9,13,10
"77","00-0039793","AJ Barner","TE","SEA",21,159,137.163314173197,8.06843024548217,76.4943618774414,119.394248962402,155.591567993164,4.49966834573185,7.02319111543543,9.15244517606847,20,21,23,"ajbarner",113.75689806,79.0972061157227,0.66248757208256,23.4064161131969,25,36.1973190307617,42.8998870849609,79.0972061157227,0.303174728643424,0.359312843439136,0.66248757208256,169.8,24,1,2,3,4,4,5,3
"78","00-0034753","Mark Andrews","TE","BAL",22,161,136.809784940009,8.04763440823585,77.8456420898438,109.95955657959,152.881591796875,4.57915541704963,6.46820921056411,8.99303481158088,19,24,24,"markandrews",169.06873792,75.0359497070312,0.682395892099833,-32.2589529799906,12,42.9220352172852,32.1139144897461,75.0359497070312,0.390343836883498,0.292052055216335,0.682395892099833,126.6,14,-10,-12,-10,-12,-5,-7,-8
"79","00-0036894","Pat Freiermuth","TE","PIT",23,162,136.151698390058,8.00892343470929,75.6313171386719,112.69856262207,170.491928100586,4.44890100815717,6.62932721306296,10.0289369470933,24,22,22,"patfreiermuth",136.27407127,94.8606109619141,0.84171979442209,-0.122372879942134,20,57.7933654785156,37.0672454833985,94.8606109619141,0.512813687538528,0.328906106883562,0.84171979442209,169.7,22,0,-2,0,-2,-2,-4,-1
"80","00-0039847","Theo Johnson","TE","NYG",24,166,134.386167897197,7.90506869983509,75.7747802734375,112.003807067871,174.515701293945,4.45734001608456,6.58845923928653,10.2656294878791,23,23,21,"theojohnson",61.54616362,98.7409210205078,0.881585399688009,72.8400042771965,36,62.5118942260742,36.2290267944336,98.7409210205078,0.558122941197827,0.323462458490182,0.881585399688009,170.1,32,11,15,9,13,9,13,8
"81","00-0035229","T.J. Hockenson","TE","MIN",25,182,124.112881711074,7.30075774771026,71.9778366088867,108.830924987793,152.431213378906,4.23399038875804,6.401819116929,8.96654196346507,25,25,25,"tjhockenson",158.91621814,80.4533767700195,0.73925106102924,-34.8033364289256,14,43.6002883911133,36.8530883789062,80.4533767700195,0.400624072578669,0.33862698845057,0.73925106102924,152.7,16,-9,-11,-9,-11,-9,-11,-9
"82","00-0037252","Greg Dulcich","TE","MIA",26,196,114.97976995457,6.76351587968059,61.0488739013672,79.7609100341797,141.360275268555,3.59111022949219,4.69181823730469,8.31531030991498,30,38,30,"gregdulcich",118.96295799,80.3114013671875,1.0069017684574,-3.98318803542996,24,61.599365234375,18.7120361328125,80.3114013671875,0.772300180727352,0.234601587730053,1.0069017684574,170.5,38,8,-6,0,-14,8,-6,12
"83","00-0033885","David Njoku","TE","LAC",27,198,114.833374735601,6.75490439621183,71.3365936279297,105.700317382812,145.625152587891,4.19627021340763,6.21766572840074,8.56618544634651,26,26,29,"davidnjoku",104.33621269,74.2885589599609,0.702822477731185,10.4971620456012,27,39.9248352050781,34.3637237548828,74.2885589599609,0.377717268913046,0.325105208818139,0.702822477731185,169.7,22,-7,-2,-4,1,-4,1,-5
"84","00-0036244","Colby Parkinson","TE","LA",28,201,113.058627136229,6.65050747860171,70.0397415161133,83.161735534668,124.479423522949,4.11998479506549,4.89186679615694,7.32231903076172,27,36,37,"colbyparkinson",75.33963933,54.4396820068359,0.654624168878023,37.7189878062292,32,41.3176879882812,13.1219940185547,54.4396820068359,0.496835326038343,0.157788842839679,0.654624168878023,170.2,33,-4,-5,-3,-4,6,5,5
"85","00-0033881","Evan Engram","TE","DEN",29,202,112.924684080802,6.64262847534127,57.9192810058594,98.610725402832,146.593994140625,3.40701652975643,5.80063090604894,8.62317612591912,31,28,28,"evanengram",106.4934276,88.6747131347656,0.899240044858436,6.43125648080164,26,47.983268737793,40.6914443969727,88.6747131347656,0.48659279750532,0.412647247353116,0.899240044858436,170,30,2,-2,2,-2,-1,-5,1
"86","00-0040584","Gunnar Helm","TE","TEN",30,205,112.013618500133,6.58903638236074,56.2944869995117,98.4274215698242,151.165756225586,3.31144041173598,5.78984832763672,8.89210330738741,34,29,26,"gunnarhelm",126.8677665,94.8712692260742,0.963870308832308,-14.8541479998673,23,52.7383346557617,42.1329345703125,94.8712692260742,0.535809369123311,0.428060939708996,0.963870308832308,170.8,39,13,-3,10,-6,5,-11,9
"87","00-0036290","Cole Kmet","TE","CHI",31,226,102.315874053445,6.01858082667325,61.855094909668,97.8099365234375,137.548522949219,3.63853499468635,5.75352567784926,8.09108958524816,28,30,32,"colekmet",53.85857427,75.6934280395508,0.773882805060536,48.4572997834452,39,39.7385864257812,35.9548416137695,75.6934280395508,0.406283735970516,0.36759906909002,0.773882805060536,169.8,24,-8,7,-6,9,-4,11,-7
"88","00-0039066","Michael Mayer","TE","LV",32,232,99.4988645929586,5.85287438782109,51.6412620544434,96.7830657958984,150.46321105957,3.0377212973202,5.69312151740579,8.8507771211512,39,31,27,"michaelmayer",80.94154104,98.821949005127,1.02106652845166,18.5573235529586,30,53.6801452636719,45.1418037414551,98.821949005127,0.554643984691243,0.46642254376042,1.02106652845166,170.2,33,6,3,2,-1,-6,-9,1
"89","00-0038558","Darnell Washington","TE","PIT",33,233,99.1492407194192,5.83230827761289,56.8370590209961,88.5679244995117,137.983917236328,3.34335641299977,5.20987791173598,8.11670101390165,33,34,31,"darnellwashington",72.44355904,81.146858215332,0.916210452868627,26.7056816794192,33,49.4159927368164,31.7308654785156,81.146858215332,0.557944572101708,0.35826588076692,0.916210452868627,169.8,24,-7,2,-10,-1,-9,0,-9
"90","00-0035689","Dawson Knox","TE","BUF",34,237,97.304991460287,5.72382302707571,57.6739120483398,84.651481628418,118.145240783691,3.39258306166705,4.9794989193187,6.94972004609949,32,35,40,"dawsonknox",68.24722754,60.4713287353516,0.714356412576375,29.0577639202871,35,33.4937591552734,26.9775695800781,60.4713287353516,0.395666543703228,0.318689868873147,0.714356412576375,169.8,24,-16,-5,-11,0,-8,3,-10
"91","00-0034829","Mike Gesicki","TE","CIN",35,239,96.3858981689683,5.66975871582167,53.6880416870117,89.2339324951172,128.660995483398,3.15812009923598,5.24905485265395,7.56829385196461,35,33,34,"mikegesicki",96.45723873,74.9729537963867,0.84018435252183,-0.0713405610316613,29,39.4270629882812,35.5458908081055,74.9729537963867,0.44183935287665,0.39834499964518,0.84018435252183,170.2,33,-1,-5,0,-4,-2,-6,-2
"92","00-0037838","Isaiah Likely","TE","NYG",36,240,96.1415782806583,5.65538695768578,41.1732139587402,74.2208709716797,120.94962310791,2.42195376227884,4.36593358656939,7.11468371223001,47,44,38,"isaiahlikely",155.09309005,79.7764091491699,1.07485142797112,-58.9515117693417,16,46.7287521362305,33.0476570129395,79.7764091491699,0.629590457838479,0.445260970132638,1.07485142797112,122.2,13,-25,-22,-31,-28,-34,-31,-23
"93","00-0040737","Terrance Ferguson","TE","LA",39,254,87.9154315460955,5.17149597329973,52.5537071228027,96.7081527709961,119.497261047363,3.09139453663545,5.68871486888212,7.0292506498449,37,32,39,"terranceferguson",135.73480676,66.9435539245605,0.692222444606942,-47.8193752139045,21,22.7891082763672,44.1544456481934,66.9435539245605,0.235648263599157,0.456574181007786,0.692222444606942,168.6,20,-19,-18,-12,-11,-17,-16,-19
"94","00-0036637","Noah Gray","TE","KC",44,277,81.3317960618804,4.78422329775767,49.4511070251465,75.1401062011719,118.013732910156,2.90888864853803,4.42000624712776,6.94198428883272,42,42,41,"noahgray",60.72666841,68.5626258850098,0.912463787334126,20.6051276518804,37,42.8736267089844,25.6889991760254,68.5626258850098,0.570582460905754,0.341881326428372,0.912463787334126,169.9,28,-13,-4,-14,-5,-14,-5,-16
"95","00-0040739","Elijah Arroyo","TE","SEA",45,281,80.4871381550714,4.73453753853361,50.0657768249512,100.483116149902,103.893928527832,2.94504569558536,5.91077153822955,6.11140756046071,41,27,45,"elijaharroyo",60.60368443,53.8281517028809,0.535693495239331,19.8834537250714,38,3.4108123779297,50.4173393249512,53.8281517028809,0.0339441341851043,0.501749361054227,0.535693495239331,169.9,28,-17,-7,1,11,-13,-3,-17
"96","00-0038543","Jaxon Smith-Njigba","WR","SEA",1,6,315.905878121285,18.5826987130168,220.529998779297,294.379150390625,319.568786621094,12.9723528693704,17.3164206112132,18.7981639188879,3,1,4,"jaxonsmithnjigba",326.66995964,99.0387878417969,0.336432752490718,-10.764081518715,3,25.1896362304688,73.8491516113281,99.0387878417969,0.0855686830981185,0.250864069392599,0.336432752490718,6.3,3,-1,-1,2,2,0,0,2
"97","00-0039075","Puka Nacua","WR","LA",2,9,314.49282104945,18.4995777087912,214.539932250977,292.001983642578,344.839630126953,12.6199960147633,17.1765872730928,20.2846841251149,4,2,2,"pukanacua",353.58398975,130.299697875977,0.446228810676398,-39.0911687005502,1,52.837646484375,77.4620513916016,130.299697875977,0.180949614880186,0.265279195796211,0.446228810676398,5.3,2,0,-1,0,-1,-2,-3,0
"98","00-0036900","Ja'Marr Chase","WR","CIN",3,12,306.049145891889,18.002890934817,230.669937133789,285.078521728516,358.300201416016,13.5688198313994,16.7693248075597,21.0764824362362,2,4,1,"jamarrchase",336.94557365,127.630264282227,0.447702140127451,-30.8964277581113,2,73.2216796875,54.4085845947266,127.630264282227,0.256847409070088,0.190854731057363,0.447702140127451,4.3,1,0,1,-3,-2,-1,0,-2
"99","00-0036963","Amon-Ra St. Brown","WR","DET",4,20,288.342827941187,16.9613428200698,237.100784301758,286.965606689453,337.970123291016,13.9471049589269,16.8803298052619,19.8805954877068,1,3,3,"amonrastbrown",324.44327963,100.869338989258,0.351503234666083,-36.100451688813,4,51.0045166015625,49.8648223876953,100.869338989258,0.177737385291466,0.173765849374618,0.351503234666083,8.4,4,1,1,1,1,3,3,0
"100","00-0037238","Drake London","WR","ATL",5,32,249.062138077508,14.6507140045593,211.492614746094,259.621368408203,296.771179199219,12.4407420438879,15.2718452004825,17.4571281881893,5,6,8,"drakelondon",269.77861353,85.278564453125,0.328472825545859,-20.7164754524917,7,37.1498107910156,48.1287536621094,85.278564453125,0.143092269402898,0.185380556142961,0.328472825545859,20.4,7,-1,-1,1,1,2,2,2
"101","00-0037247","George Pickens","WR","DAL",6,34,243.421875337513,14.3189338433831,210.414108276367,252.639587402344,305.161865234375,12.3773004868451,14.8611522001379,17.9506979549632,6,7,6,"georgepickens",239.25406404,94.7477569580078,0.37503131608237,4.16781129751271,14,52.5222778320312,42.2254791259766,94.7477569580078,0.207894092814466,0.167137223267904,0.37503131608237,28.2,10,4,8,3,7,4,8,4
"102","00-0039064","Zay Flowers","WR","BAL",7,35,241.789243292691,14.222896664276,200.253814697266,239.426681518555,295.713134765625,11.7796361586627,14.0839224422679,17.3948902803309,9,9,9,"zayflowers",238.47751413,95.4593200683594,0.398699591302491,3.31172916269128,16,56.2864532470703,39.1728668212891,95.4593200683594,0.235088474225494,0.163611117076997,0.398699591302491,44.1,17,8,7,8,7,8,7,10
"103","00-0036358","CeeDee Lamb","WR","DAL",8,36,241.145546193139,14.1850321290082,188.932846069336,259.759490966797,294.039306640625,11.113696827608,15.2799700568704,17.2964298023897,12,5,10,"ceedeelamb",293.62742666,105.106460571289,0.404629914310712,-52.4818804668607,6,34.2798156738281,70.826644897461,105.106460571289,0.13196751943978,0.272662394870932,0.404629914310712,11.8,5,-5,-4,0,1,-7,-6,-3
"104","00-0036322","Justin Jefferson","WR","MIN",9,37,240.553560319736,14.1502094305727,176.258972167969,229.90559387207,280.453521728516,10.3681748334099,13.523858463063,16.4972659840303,15,11,13,"justinjefferson",294.67210672,104.194549560547,0.453205804198594,-54.1185464002643,5,50.5479278564453,53.6466217041016,104.194549560547,0.219863845003147,0.233341959195447,0.453205804198594,12.6,6,-7,-8,-5,-6,-9,-10,-3
"105","00-0037239","Chris Olave","WR","NO",10,41,233.688487396395,13.7463816115527,198.35481262207,246.152816772461,289.943511962891,11.6679301542394,14.4795774572036,17.0555007036994,10,8,11,"chrisolave",249.81226241,91.5886993408203,0.372080647061956,-16.1237750136048,10,43.7906951904297,47.7980041503907,91.5886993408203,0.177900443166202,0.194180203895754,0.372080647061956,29.4,11,0,-1,3,2,1,0,1
"106","00-0036554","Nico Collins","WR","HOU",11,45,229.862634338704,13.5213314316885,200.483489990234,236.465759277344,288.800964355469,11.7931464700138,13.9097505457261,16.9882920209099,8,10,12,"nicocollins",248.22187065,88.3174743652343,0.373489483784624,-18.3592363112963,12,52.335205078125,35.9822692871093,88.3174743652343,0.221322551045298,0.152166932739327,0.373489483784624,25.7,9,-3,0,-1,2,1,4,-2
"107","00-0035676","A.J. Brown","WR","NE",12,50,224.729619127981,13.2193893604694,196.672317504883,221.924774169922,259.726776123047,11.5689598532284,13.0543984805836,15.2780456542969,11,14,19,"ajbrown",249.71407746,63.0544586181641,0.28412537020263,-24.9844583320195,11,37.802001953125,25.2524566650391,63.0544586181641,0.170337007639269,0.113788362563361,0.28412537020263,21,8,-11,-8,-6,-3,-3,0,-4
"108","00-0040124","Tetairoa McMillan","WR","CAR",13,57,218.204352705474,12.8355501591455,179.666549682617,217.879272460938,257.951293945312,10.5686205695657,12.8164277918199,15.1736055261949,14,17,21,"tetairoamcmillan",236.15808312,78.2847442626953,0.35930331223559,-17.9537304145261,17,40.072021484375,38.2127227783203,78.2847442626953,0.183918465633574,0.175384846602016,0.35930331223559,42.2,16,-5,-4,-1,0,2,3,3
"109","00-0039067","Rashee Rice","WR","KC",14,60,216.237441251917,12.7198494854069,203.281967163086,226.883483886719,308.734100341797,11.9577627742992,13.346087287454,18.1608294318704,7,13,5,"rasheerice",259.26816371,105.452133178711,0.464785410432795,-43.0307224580833,8,81.8506164550781,23.6015167236328,105.452133178711,0.360760576543093,0.104024833889702,0.464785410432795,29.4,11,6,3,-2,-5,4,1,-3
"110","00-0036912","DeVonta Smith","WR","PHI",15,62,215.896104226357,12.6997708368445,164.062194824219,200.224563598633,254.136520385742,9.6507173426011,11.7779155058019,14.9492070815142,22,26,23,"devontasmith",239.08357327,90.0743255615234,0.449866509596121,-23.1874690436428,15,53.9119567871094,36.1623687744141,90.0743255615234,0.269257456818238,0.180609052777883,0.449866509596121,36.6,14,-9,-8,-12,-11,-8,-7,-1
"111","00-0037240","Jameson Williams","WR","DET",16,64,214.383114184111,12.6107714225948,183.23583984375,229.585830688477,279.479949951172,10.7785788143382,13.505048864028,16.4399970559513,13,12,14,"jamesonwilliams",208.62416648,96.2441101074219,0.419207534797802,5.75894770411134,26,49.8941192626953,46.3499908447266,96.2441101074219,0.217322293423222,0.20188524137458,0.419207534797802,64.1,25,11,12,13,14,12,13,9
"112","00-0039337","Malik Nabers","WR","NYG",17,65,213.534632817285,12.5608607539579,147.881744384766,192.111114501953,304.74853515625,8.69892614028033,11.3006537942325,17.9263844209559,29,29,7,"maliknabers",243.8874967,156.866790771484,0.816541984976562,-30.3528638827149,13,112.637420654297,44.2293701171875,156.866790771484,0.586313920182644,0.230228064793918,0.816541984976562,35,13,6,6,-16,-16,-16,-16,-4
"113","00-0040129","Emeka Egbuka","WR","TB",18,67,208.449295604652,12.2617232708619,165.569458007812,209.639434814453,255.200790405273,9.7393798828125,12.3317314596737,15.0118112003102,21,21,22,"emekaegbuka",228.96994974,89.6313323974609,0.427549962042168,-20.5206541353481,19,45.5613555908203,44.0699768066406,89.6313323974609,0.217331990191376,0.210217971850792,0.427549962042168,44.8,18,-4,-3,-3,-2,-3,-2,0
"114","00-0036410","Tee Higgins","WR","CIN",19,69,206.833803581251,12.1666943283089,173.92529296875,219.452697753906,273.966918945312,10.2308995863971,12.908982220818,16.1157011144301,18,16,15,"teehiggins",218.92004347,100.041625976562,0.455868745294482,-12.0862398887494,21,54.5142211914062,45.5274047851562,100.041625976562,0.248409893108438,0.207458852186044,0.455868745294482,51.1,21,6,6,5,5,3,3,2
"115","00-0039893","Brian Thomas Jr.","WR","JAX",20,70,206.521939438274,12.148349378722,155.282562255859,202.497543334961,259.664978027344,9.13426836799173,11.9116201961742,15.2744104721967,26,23,20,"brianthomas",176.65913167,104.382415771484,0.515474973436198,29.8628077682743,37,57.1674346923828,47.2149810791016,104.382415771484,0.282311744384076,0.233163229052122,0.515474973436198,113.6,39,19,17,16,14,13,11,19
"116","00-0038117","Wan'Dale Robinson","WR","TEN",21,73,205.545847337738,12.0909321963375,150.899795532227,200.357879638672,267.2109375,8.87645856071921,11.7857576258042,15.7182904411765,27,25,17,"wandalerobinson",174.84777793,116.311141967773,0.580516933886157,30.6980694077382,39,66.8530578613281,49.4580841064453,116.311141967773,0.333668223989452,0.246848709896704,0.580516933886157,112.9,37,20,22,12,14,10,12,16
"117","00-0039915","Ladd McConkey","WR","LAC",22,75,203.469326837627,11.9687839316251,149.599349975586,196.037246704102,241.981964111328,8.79996176326976,11.5316027473001,14.2342331830193,28,28,29,"laddmcconkey",220.99549381,92.3826141357422,0.471250314360844,-17.5261669723727,20,45.9447174072266,46.4378967285156,92.3826141357422,0.234367285705535,0.236883028655309,0.471250314360844,45.8,19,-10,-9,-9,-8,-9,-8,-3
"118","00-0034348","Courtland Sutton","WR","DEN",23,77,202.631577157429,11.9195045386723,169.120407104492,202.205184936523,241.044830322266,9.94825924144072,11.8944226433249,14.1791076660156,19,24,30,"courtlandsutton",204.11645156,71.9244232177734,0.35570019255615,-1.48487440257125,28,38.8396453857422,33.0847778320312,71.9244232177734,0.192080363309847,0.163619829246304,0.35570019255615,81.2,29,-1,-2,5,4,10,9,6
"119","00-0037740","Garrett Wilson","WR","NYJ",24,78,201.375282108386,11.8456048299051,159.549331665039,213.12419128418,268.586334228516,9.38525480382583,12.5367171343635,15.7991961310892,24,18,16,"garrettwilson",250.29130698,109.037002563477,0.51161251055769,-48.9160248716139,9,55.4621429443359,53.5748596191406,109.037002563477,0.260233916244556,0.251378594313134,0.51161251055769,37.1,15,-1,-7,-3,-9,-9,-15,-9
"120","00-0031381","Davante Adams","WR","LA",25,80,199.965154683985,11.7626561578815,175.644409179688,220.31298828125,243.453170776367,10.3320240693934,12.9595875459559,14.320774751551,17,15,27,"davanteadams",232.21906542,67.8087615966797,0.307783767655657,-32.2539107360149,18,23.1401824951172,44.6685791015625,67.8087615966797,0.105033219673715,0.202750547981942,0.307783767655657,46.1,20,-7,-9,5,3,3,1,-5
"121","00-0035640","DK Metcalf","WR","PIT",26,82,194.532530640649,11.4430900376852,163.856048583984,198.929977416992,246.340194702148,9.63859109317555,11.7017633774701,14.4905996883617,23,27,25,"dkmetcalf",195.79324142,82.4841461181641,0.414639096576494,-1.26071077935134,30,47.4102172851562,35.0739288330078,82.4841461181641,0.238326158283204,0.17631293829329,0.414639096576494,85.2,31,6,5,4,3,8,7,5
"122","00-0038544","Quentin Johnston","WR","LAC",27,84,193.726430999131,11.3956724117136,166.284820556641,209.687576293945,262.535980224609,9.78146003274357,12.3345633114085,15.4432929543888,20,20,18,"quentinjohnston",165.39610291,96.2511596679688,0.459021756887692,28.3303280891306,44,52.8484039306641,43.4027557373047,96.2511596679688,0.252034025404442,0.20698773148325,0.459021756887692,130.3,42,24,26,22,24,22,24,15
"123","00-0038559","Michael Wilson","WR","ARI",28,89,188.540840552106,11.0906376795356,158.360748291016,185.269073486328,239.404312133789,9.31533813476562,10.8981807933134,14.0826065961052,25,30,31,"michaelwilson",176.36272608,81.0435638427734,0.437437087138853,12.1781144721056,38,54.1352386474609,26.9083251953125,81.0435638427734,0.292197923964119,0.145239163174733,0.437437087138853,102.7,35,4,7,5,8,10,13,7
"124","00-0037664","Alec Pierce","WR","IND",29,90,187.456346448725,11.0268439087485,175.959213256836,210.65934753418,251.475357055664,10.3505419562845,12.39172632554,14.7926680620979,16,19,24,"alecpierce",185.42948979,75.5161437988282,0.358475162307125,2.02685665872505,35,40.8160095214844,34.7001342773438,75.5161437988282,0.19375361216697,0.164721550140155,0.358475162307125,108.1,36,12,11,17,16,20,19,7
"125","00-0037261","Khalil Shakir","WR","BUF",30,91,185.764475509076,10.9273220887692,138.273193359375,164.900268554688,194.64485168457,8.13371725643382,9.70001579733456,11.4496971579159,33,39,46,"khalilshakir",171.28169853,56.3716583251953,0.341853041352084,14.4827769790759,42,29.7445831298828,26.6270751953125,56.3716583251953,0.180379227945395,0.161473813406689,0.341853041352084,140.3,46,0,-4,7,3,13,9,16
"126","00-0035659","Terry McLaurin","WR","WAS",31,94,182.448921144047,10.7322894790616,136.073791503906,170.389450073242,235.097229003906,8.00434067670037,10.0229088278378,13.8292487649357,34,37,32,"terrymclaurin",218.20946591,99.0234375,0.581159440666277,-35.7605447659533,22,64.7077789306641,34.3156585693359,99.0234375,0.379763998902804,0.201395441763474,0.581159440666277,60.9,24,-8,-10,-13,-15,-10,-12,-7
"127","00-0039919","Rome Odunze","WR","CHI",32,95,182.027597799604,10.7075057529179,143.39778137207,203.954879760742,243.789916992188,8.43516361012178,11.997345868279,14.3405833524816,31,22,26,"romeodunze",213.55134299,100.392135620117,0.492227181511354,-31.523745190396,23,39.8350372314453,60.5570983886719,100.392135620117,0.195312989216907,0.296914192294447,0.492227181511354,65.1,26,0,-3,4,1,-5,-8,-6
"128","00-0038994","Jordan Addison","WR","MIN",33,99,180.73516498214,10.631480293067,114.546539306641,180.368988037109,231.059265136719,6.73803172392004,10.6099404727711,13.5917214786305,44,32,34,"jordanaddison",171.07916574,116.512725830078,0.64596872831657,9.65599924213984,43,50.6902770996094,65.8224487304687,116.512725830078,0.281036544315369,0.364932184001201,0.64596872831657,121.3,40,6,9,8,11,-4,-1,7
"129","00-0039849","Marvin Harrison Jr.","WR","ARI",34,105,175.387552798963,10.3169148705272,134.044509887695,177.708786010742,232.668197631836,7.88497116986443,10.4534580006319,13.6863645665786,36,34,33,"marvinharrison",193.61006177,98.6236877441406,0.554973616994823,-18.2225089710374,31,54.9594116210937,43.6642761230469,98.6236877441406,0.309266710188271,0.245706906806552,0.554973616994823,78.6,28,-5,-2,-6,-3,-8,-5,-6
"130","00-0038606","Parker Washington","WR","JAX",35,108,173.853415461625,10.2266714977426,134.725952148438,178.413024902344,221.017501831055,7.92505600873162,10.4948838177849,13.0010295194738,35,33,38,"parkerwashington",187.2268169,86.2915496826172,0.483661715448464,-13.3734014383752,34,42.6044769287109,43.6870727539062,86.2915496826172,0.238796898107809,0.244864817340656,0.483661715448464,89.6,34,-4,-4,1,1,-1,-1,-1
"131","00-0036252","Michael Pittman","WR","PIT",36,110,172.746139384169,10.1615376108335,143.172546386719,174.907241821289,205.263076782227,8.4219144933364,10.2886612836052,12.0742986342486,32,35,43,"michaelpittman",197.17356957,62.0905303955078,0.354991192754321,-24.4274301858309,29,30.3558349609375,31.7346954345703,62.0905303955078,0.173553905743671,0.18143728701065,0.354991192754321,89.5,33,-10,-14,-2,-6,1,-3,-3
"132","00-0038997","Josh Downs","WR","IND",37,111,172.570426519354,10.151201559962,104.274131774902,146.410461425781,207.166397094727,6.1337724573472,8.61238008386949,12.186258652631,47,47,41,"joshdowns",157.67928759,102.892265319824,0.702765801827505,14.8911389293538,45,60.7559356689453,42.1363296508789,102.892265319824,0.41496990773261,0.287795894094895,0.702765801827505,136.4,44,3,4,-3,-2,-3,-2,7
"133","00-0036613","Jaylen Waddle","WR","DEN",38,112,172.086393632855,10.1227290372268,146.777694702148,181.561859130859,242.344024658203,8.63398204130285,10.6801093606388,14.2555308622472,30,31,28,"jaylenwaddle",213.05733051,95.5663299560547,0.526356859384084,-40.9709368771445,24,60.7821655273438,34.7841644287109,95.5663299560547,0.334773866153989,0.191582993230095,0.526356859384084,52.1,22,-6,-4,-9,-7,-8,-6,-16
"134","00-0038563","Tre Tucker","WR","LV",39,115,167.274085027284,9.83965206042847,112.244155883789,137.834854125977,202.760162353516,6.60259740492877,8.10793259564568,11.9270683737362,45,49,44,"tretucker",137.95066206,90.5160064697265,0.656698968078117,29.323422967284,51,64.925308227539,25.5906982421875,90.5160064697265,0.471036942283114,0.185662025795003,0.656698968078117,169.4,52,8,7,3,2,7,6,13
"135","00-0038124","Christian Watson","WR","GB",40,116,167.235798914375,9.83739993613973,125.378036499023,158.086578369141,226.815124511719,7.37517861758961,9.29921049230239,13.3420661477482,38,42,36,"christianwatson",188.75787347,101.437088012695,0.641655281929338,-21.5220745556246,33,68.7285461425781,32.7085418701172,101.437088012695,0.43475256945655,0.206902712472788,0.641655281929338,88.5,32,-4,-3,-10,-9,-6,-5,-8
"136","00-0036407","Jerry Jeudy","WR","CLE",41,117,166.463762592302,9.79198603484132,111.557205200195,147.335693359375,219.599655151367,6.56218854118796,8.66680549172794,12.9176267736098,46,45,39,"jerryjeudy",139.81347975,108.042449951172,0.733308049717724,26.6502828423024,49,72.2639617919922,35.7784881591797,108.042449951172,0.49047152217032,0.242836527547404,0.733308049717724,168.9,51,12,10,6,4,5,3,10
"137","00-0039894","Xavier Worthy","WR","KC",42,121,163.950414246107,9.64414201447689,96.7812118530273,132.549758911133,218.481079101562,5.69301246194278,7.79704464183134,12.8518281824449,48,51,40,"xavierworthy",172.95866424,121.699867248535,0.918144765017099,-9.00824999389292,41,85.9313201904297,35.7685470581055,121.699867248535,0.648294805636288,0.269849959380811,0.918144765017099,130.9,43,3,1,-8,-10,-5,-7,1
"138","00-0037816","Romeo Doubs","WR","NE",43,123,162.935084870934,9.58441675711375,130.476440429688,162.127990722656,183.723693847656,7.67508473115809,9.53694063074449,10.8072761086857,37,41,49,"romeodoubs",150.613982,53.2472534179688,0.328427270211817,12.3211028709337,47,21.595703125,31.6515502929688,53.2472534179688,0.133201571355699,0.195225698856118,0.328427270211817,147.5,47,-2,-2,6,6,10,10,4
"139","00-0034827","DJ Moore","WR","BUF",44,124,162.041724434684,9.53186614321668,118.114524841309,152.570404052734,177.732650756836,6.94791322595933,8.97472965016085,10.4548618092256,42,43,54,"djmoore",209.72858126,59.6181259155273,0.390758130881799,-47.6868568253165,25,25.1622467041016,34.4558792114258,59.6181259155273,0.16492220008413,0.225835930797669,0.390758130881799,60.2,23,-31,-29,-20,-18,-19,-17,-21
"140","00-0036259","Jauan Jennings","WR","MIN",45,125,160.834983793136,9.46088139959626,118.733528137207,169.098937988281,186.69384765625,6.98432518454159,9.94699635225184,10.9819910386029,41,38,48,"jauanjennings",115.0270047,67.960319519043,0.401896784968293,45.8079790931364,58,17.5949096679688,50.3654098510742,67.960319519043,0.104050976767152,0.297845808201141,0.401896784968293,171.2,78,30,10,40,20,37,17,33
"141","00-0040735","Luther Burden III","WR","CHI",47,136,153.894809768334,9.05263586872553,84.4586791992188,146.652389526367,227.447479248047,4.96815759995404,8.62661114860983,13.3792634851792,52,46,35,"lutherburden",206.82457056,142.988800048828,0.975018549037141,-52.9297607916661,27,80.7950897216797,62.1937103271484,142.988800048828,0.550929241471059,0.424089307566082,0.975018549037141,74.8,27,-8,-8,-19,-19,-25,-25,-20
"142","00-0039868","Troy Franklin","WR","DEN",48,139,152.289731974141,8.95821952789066,122.922164916992,164.864791870117,206.184295654297,7.23071558335248,9.6979289335363,12.1284879796645,39,40,42,"troyfranklin",50.69009409,83.2621307373047,0.505032819881274,101.599637884141,82,41.3195037841797,41.942626953125,83.2621307373047,0.250626609329248,0.254406210552026,0.505032819881274,170.1,57,15,40,17,42,18,43,9
"143","00-0033921","Chris Godwin Jr.","WR","TB",49,141,151.889495139156,8.93467618465626,91.8104934692383,125.360130310059,172.212692260742,5.40061726289637,7.37412531235639,10.130158368279,50,56,57,"chrisgodwin",157.33353261,80.4021987915039,0.641369776759498,-5.44403747084363,46,46.8525619506836,33.5496368408203,80.4021987915039,0.373743724059644,0.267626052699854,0.641369776759498,121.7,41,-16,-11,-15,-10,-9,-4,-8
"144","00-0033908","Cooper Kupp","WR","SEA",50,147,148.976283977658,8.76331082221516,94.6642608642578,148.277282714844,169.889236450195,5.56848593319164,8.72219310087316,9.99348449707031,49,44,59,"cooperkupp",101.50020485,75.2249755859375,0.507326369951119,47.4760791276578,61,21.6119537353516,53.613021850586,75.2249755859375,0.145753640339594,0.361572729611526,0.507326369951119,169.4,52,-7,2,8,17,3,12,2
"145","00-0038608","Kayshon Boutte","WR","NE",51,148,146.434913601286,8.61381844713448,72.67626953125,104.231407165527,169.819671630859,4.27507467830882,6.13125924503102,9.98939244887408,58,66,61,"kayshonboutte",139.01877591,97.1434020996094,0.931997415571089,7.41613769128608,50,65.588264465332,31.5551376342773,97.1434020996094,0.629256250576882,0.302741164994208,0.931997415571089,170.6,72,11,-11,6,-16,14,-8,21
"146","00-0031408","Mike Evans","WR","SF",52,150,146.17919319339,8.59877607019943,120.54719543457,174.299285888672,180.27018737793,7.0910114961512,10.2528991699219,10.60412866929,40,36,52,"mikeevans",180.11879314,59.7229919433594,0.342646222782034,-33.9395999466096,36,5.97090148925781,53.7520904541015,59.7229919433594,0.0342566032833407,0.308389619498694,0.342646222782034,83.7,30,-22,-16,-6,0,-10,-4,-22
"147","00-0039901","Keon Coleman","WR","BUF",53,151,145.597126976306,8.56453688095915,90.7201385498047,126.465553283691,173.649124145508,5.3364787382238,7.43915019315832,10.2146543615005,51,54,56,"keoncoleman",75.51022122,82.9289855957031,0.65574366649608,70.0869057563055,71,47.1835708618164,35.7454147338867,82.9289855957031,0.373094250858752,0.282649415637328,0.65574366649608,170.2,60,4,15,6,17,9,20,7
"148","00-0039146","Jayden Reed","WR","GB",55,153,145.14040828484,8.53767107557883,76.4980545043945,121.711112976074,190.177993774414,4.49988555908203,7.15947723388672,11.1869408102597,54,57,47,"jaydenreed",173.67592964,113.67993927002,0.934014458419804,-28.5355213551599,40,68.4668807983399,45.2130584716797,113.67993927002,0.562535984793755,0.371478473626049,0.934014458419804,139.5,45,-2,-7,-12,-17,-9,-14,-10
"149","00-0038621","DeMario Douglas","WR","NE",57,167,134.329336054106,7.90172565024155,69.7652816772461,108.094032287598,164.883682250977,4.10384009866153,6.35847248750574,9.69904013241039,60,61,62,"demariodouglas",81.51501718,95.1184005737305,0.879959777248906,52.8143188741064,68,56.7896499633789,38.3287506103516,95.1184005737305,0.525372666386272,0.354587110862634,0.879959777248906,170.5,70,8,6,9,7,10,8,13
"150","00-0039342","Xavier Legette","WR","CAR",59,179,125.915718624377,7.40680697790451,70.2142562866211,118.713806152344,170.145050048828,4.13025036980124,6.98316506778493,10.0085323558134,59,58,58,"xavierlegette",94.01409975,99.930793762207,0.841779039869779,31.9016188743766,62,51.4312438964844,48.4995498657227,99.930793762207,0.433237258272078,0.408541781597701,0.841779039869779,170.8,75,17,4,17,4,16,3,16
"151","00-0039855","Jalen McMillan","WR","TB",60,180,124.908738180047,7.3475728341204,43.7353324890137,98.8125534057617,169.831359863281,2.5726666170008,5.8125031415154,9.99007999195772,85,69,60,"jalenmcmillan",132.86499694,126.096027374268,1.27611343931646,-7.95625875995316,53,71.0188064575195,55.077220916748,126.096027374268,0.71872251054873,0.557390928767726,1.27611343931646,163.7,49,-11,-7,-20,-16,-36,-32,-11
"152","00-0034837","Calvin Ridley","WR","TEN",61,184,122.694328029169,7.21731341348055,62.1566314697266,131.967315673828,199.433624267578,3.65627243939568,7.76278327493107,11.7313896627987,65,52,45,"calvinridley",135.25103764,137.276992797852,1.04023478917421,-12.5567096108307,52,67.46630859375,69.8106842041016,137.276992797852,0.511234984581337,0.528999804592877,1.04023478917421,168.8,50,5,7,-2,0,-15,-13,-11
"153","00-0033555","Mack Hollins","WR","NE",62,186,122.526489373037,7.20744055135513,62.7768898010254,104.190895080566,150.875442504883,3.69275822358973,6.12887618120979,8.87502602969899,64,67,69,"mackhollins",56.66862899,88.0985527038574,0.845549437268339,65.8578603830372,80,46.6845474243164,41.414005279541,88.0985527038574,0.44806743802534,0.397481999242998,0.845549437268339,170.1,57,-12,11,-10,13,-7,16,-5
"154","00-0036309","Darnell Mooney","WR","NYG",63,187,121.933976011943,7.17258682423194,73.9294052124023,117.969314575195,174.755630493164,4.34878854190602,6.93937144559972,10.2797429701861,56,59,55,"darnellmooney",63.69121144,100.826225280762,0.854681792835998,58.2427645719429,79,56.7863159179687,44.039909362793,100.826225280762,0.481365142473319,0.373316650362678,0.854681792835998,170.4,68,13,24,9,20,12,23,5
"155","00-0035535","Darius Slayton","WR","NYG",64,188,120.888534064944,7.11109023911433,57.6222496032715,96.6639022827148,146.224884033203,3.38954409431009,5.68611189898323,8.60146376665901,69,73,71,"dariusslayton",80.08603982,88.6026344299316,0.916605189089033,40.8024942449436,69,49.5609817504883,39.0416526794434,88.6026344299316,0.512714473346382,0.403890715742651,0.916605189089033,170.5,70,-1,-2,-3,-4,1,0,6
"156","00-0039491","Jalen Coker","WR","CAR",65,190,120.126409788283,7.06625939931075,58.904483795166,85.6557159423828,145.757110595703,3.46496963500977,5.03857152602252,8.57394768210018,68,83,73,"jalencoker",147.00811088,86.8526268005371,1.01397350830573,-26.8817010917172,48,60.1013946533203,26.7512321472168,86.8526268005371,0.701662393362611,0.31231111494312,1.01397350830573,154.3,48,-25,-25,-35,-35,-20,-20,-17
"157","00-0039880","Malik Washington","WR","MIA",67,192,117.285076761543,6.8991221624437,59.8229866027832,107.046195983887,164.231048583984,3.51899921192842,6.29683505787569,9.66064991670496,66,64,63,"malikwashington",113.83694331,104.408061981201,0.97535518213947,3.44813345154293,59,57.1848526000977,47.2232093811035,104.408061981201,0.53420723711383,0.44114794502564,0.97535518213947,170.1,57,-6,-4,-7,-5,-9,-7,-10
"158","00-0040667","Matthew Golden","WR","GB",68,193,116.165708479245,6.83327696936737,64.9673538208008,127.032485961914,157.578491210938,3.8216090482824,7.47249917423024,9.26932301240809,61,53,66,"matthewgolden",188.89859285,92.6111373901367,0.729035070744838,-72.7328843707547,32,30.5460052490234,62.0651321411133,92.6111373901367,0.240458218366139,0.488576852378699,0.729035070744838,112.9,37,-29,-34,-16,-21,-24,-29,-31
"159","00-0036550","Rashod Bateman","WR","BAL",69,199,113.384573261889,6.66968078011114,75.6951446533203,105.484756469727,155.328735351562,4.45265556784237,6.2049856746898,9.13698443244485,55,65,67,"rashodbateman",122.33281358,79.6335906982422,0.754929843546603,-8.94824031811069,57,49.8439788818359,29.7896118164062,79.6335906982422,0.472523050248884,0.282406793297719,0.754929843546603,171.5,81,14,-10,16,-8,26,2,12
"160","00-0039424","Devaughn Vele","WR","NO",70,200,113.168422647693,6.65696603809956,53.9622955322266,83.1264572143555,122.059471130371,3.17425267836627,4.88979160084444,7.17996889002183,72,90,96,"devaughnvele",123.38166228,68.0971755981445,0.819199781635642,-10.2132396323074,56,38.9330139160156,29.1641616821289,68.0971755981445,0.468358874186354,0.350840907449288,0.819199781635642,171.7,82,-14,-40,-8,-34,10,-16,12
"161","00-0038976","Marvin Mims Jr.","WR","DEN",71,204,112.337411969218,6.6080830570128,52.6569862365723,107.355674743652,160.79020690918,3.0974697786219,6.31503969080308,9.45824746524586,74,62,64,"marvinmims",70.0145951,108.133220672607,1.00724270916104,42.3228168692176,74,53.4345321655273,54.6986885070801,108.133220672607,0.497733653047407,0.509509056113629,1.00724270916104,170.2,60,-4,10,-2,12,-14,0,-11
"162","00-0038619","Andrei Iosivas","WR","CIN",72,206,112.006736910491,6.58863158297008,59.1916923522949,90.7720642089844,152.176010131836,3.48186425601735,5.33953318876379,8.95153000775506,67,77,68,"andreiiosivas",67.64691006,92.984317779541,1.02437152432122,44.3598268504913,75,61.4039459228516,31.5803718566895,92.984317779541,0.67646303362102,0.347908490700201,1.02437152432122,170.2,60,-8,7,-17,-2,-7,8,-12
"163","00-0040648","Tory Horton","WR","SEA",73,209,110.409420166533,6.49467177450194,47.2480239868164,84.1300659179688,104.78662109375,2.77929552863626,4.94882740693934,6.16391888786765,80,86,105,"toryhorton",65.4757054,57.5385971069336,0.683924307904819,44.933714766533,78,20.6565551757812,36.8820419311523,57.5385971069336,0.245531189716676,0.438393118188143,0.683924307904819,170.2,60,-45,-27,-26,-8,-20,-2,-13
"164","00-0040134","Pat Bryant","WR","DEN",75,212,109.370836228436,6.43357860167273,56.1980972290039,107.231964111328,159.850036621094,3.30577042523552,6.30776259478401,9.40294333065257,70,63,65,"patbryant",72.74866247,103.65193939209,0.966614201754978,36.6221737584364,73,52.6180725097656,51.0338668823242,103.65193939209,0.4906939171154,0.475920284639577,0.966614201754978,170.4,68,3,8,5,10,-2,3,-7
"165","00-0038393","Dontayvion Wicks","WR","PHI",77,220,104.247435115036,6.13220206559036,51.1312484741211,94.7361221313477,142.476928710938,3.00772049847771,5.57271306654986,8.38099580652574,76,74,76,"dontayvionwicks",108.66841306,91.3456802368164,0.964211730243396,-4.42097794496382,60,47.7408065795898,43.6048736572266,91.3456802368164,0.503934565881842,0.460277164361554,0.964211730243396,171,76,0,-16,2,-14,0,-16,-1
"166","00-0039410","Ryan Flournoy","WR","DAL",80,225,102.666821860003,6.03922481529431,48.2636947631836,83.2087707519531,145.85334777832,2.83904086842256,4.8946335736443,8.57960869284237,79,89,72,"ryanflournoy",89.34661393,97.5896530151367,1.17282892336017,13.3202079300033,67,62.6445770263672,34.9450759887695,97.5896530151367,0.752860262929635,0.419968660430539,1.17282892336017,171.1,77,5,-5,-12,-22,-2,-12,-3
"167","00-0040727","Tre Harris","WR","LAC",82,236,97.6509086480776,5.74417109694574,53.0828704833984,101.868751525879,142.865356445312,3.12252179314108,5.99227950152229,8.40384449678309,73,68,75,"treharris",89.85955088,89.7824859619141,0.881354533329149,7.79135776807765,65,40.9966049194336,48.7858810424805,89.7824859619141,0.40244534565655,0.478909187672599,0.881354533329149,171.2,78,3,-10,10,-3,5,-8,-4
"168","00-0037291","Jalen Nailor","WR","LV",83,238,96.8993862448724,5.6999638967572,37.085563659668,79.3431854248047,134.362518310547,2.18150374468635,4.6672462014591,7.90367754767923,98,97,83,"jalennailor",124.22468476,97.2769546508789,1.22602784511432,-27.3252985151276,55,55.0193328857422,42.2576217651367,97.2769546508789,0.693434887837787,0.532592957276529,1.22602784511432,171.2,78,-5,-28,-19,-42,-20,-43,-5
"169","00-0040669","Isaac TeSlaa","WR","DET",84,243,94.5793524096158,5.5634913182127,51.6946449279785,94.3960952758789,126.75537109375,3.04086146635168,5.55271148681641,7.45619829963235,75,75,92,"isaacteslaa",72.95517986,75.0607261657715,0.795167702079217,21.6241725496158,72,32.3592758178711,42.7014503479004,75.0607261657715,0.34280311832072,0.452364583758497,0.795167702079217,170.3,65,-27,-20,-10,-3,-10,-3,-19
"170","00-0038618","Xavier Hutchinson","WR","HOU",85,245,94.4088687214261,5.55346286596624,50.0363082885742,87.6414413452148,133.342788696289,2.94331225226907,5.1553789026597,7.84369345272289,78,80,85,"xavierhutchinson",91.13769286,83.3064804077148,0.950537543986471,3.27117586142612,64,45.7013473510742,37.6051330566406,83.3064804077148,0.521458189751343,0.429079354235128,0.950537543986471,170.3,65,-20,-21,-15,-16,-13,-14,-20
"171","00-0038104","Tyquan Thornton","WR","KC",86,246,94.249724493987,5.54410144082277,46.1078681945801,84.6581878662109,139.161560058594,2.71222754085765,4.97989340389476,8.18597412109375,82,84,79,"tyquanthornton",77.28949104,93.0536918640137,1.09916942719197,16.960233453987,70,54.5033721923828,38.5503196716309,93.0536918640137,0.643805089219685,0.45536433797229,1.09916942719197,170.3,65,-14,-9,-19,-14,-17,-12,-21
"172","00-0040138","Jaylin Noel","WR","HOU",89,255,87.6270588715104,5.15453287479473,43.7149047851562,96.873420715332,137.253982543945,2.57146498736213,5.69843651266659,8.07376367905561,86,72,81,"jaylinnoel",131.62597027,93.5390777587891,0.965580414814285,-43.9989113984896,54,40.3805618286133,53.1585159301758,93.5390777587891,0.41683840139468,0.548742013419605,0.965580414814285,171.8,83,2,-27,11,-18,-3,-32,-6
"173","00-0037801","KaVontae Turpin","WR","DAL",91,259,87.022758926308,5.11898581919459,43.639518737793,81.5483627319336,118.860191345215,2.56703051398782,4.79696251364315,6.99177596148323,87,96,98,"kavontaeturpin",66.36387281,75.2206726074219,0.922405675447928,20.658886116308,76,37.3118286132812,37.9088439941406,75.2206726074219,0.457542338844165,0.464863336603763,0.922405675447928,169.8,54,-44,-22,-42,-20,-33,-11,-37
"174","00-0040131","Kyle Williams","WR","NE",93,263,85.0970312107697,5.00570771828057,44.7206230163574,90.7167053222656,119.18074798584,2.63062488331514,5.33627678366268,7.01063223446117,83,78,97,"kylewilliams",50.75043171,74.4601249694824,0.820798382227037,34.3465995007697,81,28.4640426635742,45.9960823059082,74.4601249694824,0.313768479162216,0.50702990306482,0.820798382227037,170,55,-42,-16,-23,3,-28,-2,-38
"175","00-0037666","Jalen Tolbert","WR","MIA",96,273,82.571929649078,4.85717233229871,44.2160720825195,84.3582305908203,133.855102539062,2.6009454166188,4.96224885828355,7.87382956112132,84,85,84,"jalentolbert",89.49546457,89.639030456543,1.06259969926749,-6.92353492092197,66,49.4968719482422,40.1421585083008,89.639030456543,0.586746208420691,0.475853490846796,1.06259969926749,170.6,72,-12,-18,-13,-19,-12,-18,-24
"176","00-0033307","Kendrick Bourne","WR","ARI",97,275,82.1176670892493,4.83045100524996,38.7923583984375,72.1996459960938,123.973648071289,2.28190343520221,4.24703799977022,7.29256753360524,95,102,93,"kendrickbourne",50.23908021,85.1812896728516,1.17980204054546,31.8785868792493,83,51.7740020751953,33.4072875976562,85.1812896728516,0.717094957473842,0.462707083071622,1.17980204054546,170,55,-38,-10,-47,-19,-40,-12,-42
"177","00-0040729","Jack Bech","WR","LV",98,276,81.953706096072,4.82080624094541,43.5891990661621,91.7597961425781,128.964569091797,2.56407053330365,5.39763506721048,7.58615112304688,88,76,88,"jackbech",65.92311227,85.3753700256348,0.930422402998552,16.030593826072,77,37.2047729492188,48.170597076416,85.3753700256348,0.405458321762281,0.524964081236271,0.930422402998552,170.2,60,-28,-11,-16,1,-28,-11,-38
"178","00-0037741","Jahan Dotson","WR","ATL",111,316,67.6336364324572,3.97844920190925,33.5233268737793,72.3305816650391,122.248687744141,1.97196040433996,4.25474009794347,7.1910992790671,106,101,95,"jahandotson",92.7672717,88.7253608703613,1.22666455637321,-25.1336352675428,63,49.9181060791016,38.8072547912598,88.7253608703613,0.690138319504618,0.536526236868592,1.22666455637321,170.7,74,-21,-32,-27,-38,-32,-43,-37
"179","00-0039851","Drake Maye","QB","NE",1,2,319.868743896484,18.8158084644991,275.960266113281,336.139038085938,371.567993164062,16.232956830193,19.7728845932904,21.8569407743566,3,1,2,"drakemaye",320.17261778,95.6077270507812,0.284429108844948,-0.303873883515621,3,35.428955078125,60.1787719726562,95.6077270507812,0.105399703884043,0.179029404960905,0.284429108844948,47.2,3,1,1,2,2,0,0,2
"180","00-0040691","Jaxson Dart","QB","NYG",2,3,319.082244873047,18.7695438160616,189.775695800781,305.041595458984,356.981475830078,11.1632762235754,17.9436232622932,20.9989103429458,21,8,4,"jaxsondart",299.52563618,167.205780029297,0.548140917561452,19.5566086930469,7,51.9398803710938,115.265899658203,167.205780029297,0.17027146836464,0.377869449196812,0.548140917561452,83.3,8,4,3,0,-1,-13,-14,6
"181","00-0036971","Trevor Lawrence","QB","JAX",3,4,317.776458740234,18.6927328670726,271.113647460938,322.414367675781,361.643981933594,15.9478616153493,18.9655510397518,21.2731754078585,4,4,3,"trevorlawrence",289.54865055,90.5303344726562,0.28078877230339,28.2278081902344,12,39.2296142578125,51.3007202148438,90.5303344726562,0.121674522573577,0.159114249729812,0.28078877230339,101.2,12,9,9,8,8,8,8,9
"182","00-0039732","Bo Nix","QB","DEN",4,5,316.283630371094,18.6049194335938,281.658325195312,309.027404785156,351.270690917969,16.5681367761949,18.178082634421,20.662981818704,2,6,7,"bonix",295.73082077,69.6123657226562,0.225262758722168,20.5528096010938,8,42.2432861328125,27.3690795898438,69.6123657226562,0.136697540343327,0.0885652183788407,0.225262758722168,103.5,13,6,1,7,2,11,6,9
"183","00-0034857","Josh Allen","QB","BUF",5,7,315.111053466797,18.5359443215763,285.320495605469,318.256805419922,374.279571533203,16.7835585650276,18.7209885541131,22.0164453843061,1,5,1,"joshallen",370.5519409,88.9590759277344,0.279519791604638,-55.4408874332031,1,56.0227661132812,32.9363098144531,88.9590759277344,0.176030064901086,0.103489726703552,0.279519791604638,19.2,1,0,0,-4,-4,0,0,-4
"184","00-0034796","Lamar Jackson","QB","BAL",6,8,315.052825927734,18.5325191722197,240.515518188477,328.173980712891,350.938171386719,14.1479716581457,19.3043518066406,20.6434218462776,13,2,9,"lamarjackson",322.51227164,110.422653198242,0.336475953877793,-7.45944571226562,2,22.7641906738281,87.6584625244141,110.422653198242,0.0693662264886984,0.267109727389094,0.336475953877793,34.5,2,-7,-7,0,0,-11,-11,-4
"185","00-0036389","Jalen Hurts","QB","PHI",7,10,307.824615478516,18.1073303222656,265.570129394531,322.698669433594,341.198028564453,15.6217723173254,18.9822746725643,20.0704722684972,5,3,10,"jalenhurts",319.83543312,75.6278991699219,0.234360740633562,-12.0108176414844,4,18.4993591308594,57.1285400390625,75.6278991699219,0.0573270387613614,0.1770337018722,0.234360740633562,54.7,6,-4,-6,3,1,1,-1,-1
"186","00-0033873","Patrick Mahomes","QB","KC",8,11,306.128570556641,18.00756297392,257.492980957031,303.232604980469,340.167175292969,15.1466459386489,17.8372120576746,20.0098338407629,7,9,11,"patrickmahomes",290.97210836,82.6741943359375,0.272642825929826,15.1564621966406,11,36.9345703125,45.7396240234375,82.6741943359375,0.121802766938202,0.150840058991623,0.272642825929826,108.9,14,3,0,5,2,7,4,6
"187","00-0026498","Matthew Stafford","QB","LA",9,13,298.339599609375,17.5493882123162,255.190231323242,300.199981689453,322.057067871094,15.0111900778378,17.6588224523208,18.944533404182,9,10,13,"matthewstafford",292.84720263,66.8668365478516,0.222740974771355,5.49239697937497,9,21.8570861816406,45.0097503662109,66.8668365478516,0.0728084194363844,0.14993255533497,0.222740974771355,93.3,11,-2,-4,1,-1,2,0,2
"188","00-0036355","Justin Herbert","QB","LAC",10,16,293.621337890625,17.2718434053309,258.889099121094,298.533843994141,351.147674560547,15.2287705365349,17.5608143525965,20.6557455623851,6,11,8,"justinherbert",283.57791274,92.2585754394531,0.309038915672368,10.043425150625,14,52.6138305664062,39.6447448730469,92.2585754394531,0.176240756701069,0.132798158971299,0.309038915672368,85.5,9,1,6,-2,3,3,8,-1
"189","00-0039918","Caleb Williams","QB","CHI",11,17,293.156616210938,17.2445068359375,216.508102416992,276.630920410156,356.133239746094,12.7357707304113,16.2724070829504,20.9490141027114,14,16,5,"calebwilliams",281.92016557,139.625137329102,0.504734384435701,11.2364506409375,16,79.5023193359375,60.1228179931641,139.625137329102,0.287394913114053,0.217339471321647,0.504734384435701,88.9,10,5,11,-6,0,-4,2,-1
"190","00-0039910","Jayden Daniels","QB","WAS",12,18,291.62841796875,17.1546128216912,168.287887573242,305.381072998047,353.138031005859,9.89928750430836,17.9635925292969,20.7728253532858,23,7,6,"jaydendaniels",317.48994413,184.850143432617,0.605309758125709,-25.86152616125,5,47.7569580078125,137.093185424805,184.850143432617,0.156384799945077,0.448924958180632,0.605309758125709,53.1,4,-2,-1,-3,-2,-19,-18,-8
"191","00-0033077","Dak Prescott","QB","DAL",13,21,286.029510498047,16.8252653234145,240.581802368164,281.713562011719,324.0732421875,14.1518707275391,16.5713860006893,19.0631318933824,12,13,12,"dakprescott",286.11130176,83.4914398193359,0.296369969635551,-0.0817912619531285,13,42.3596801757812,41.1317596435547,83.4914398193359,0.150364362557807,0.146005607077744,0.296369969635551,71.8,7,-5,1,-6,0,-5,1,-6
"192","00-0036442","Joe Burrow","QB","CIN",14,22,283.684326171875,16.6873133042279,213.425033569336,278.756652832031,314.941986083984,12.5544137393727,16.3974501665901,18.5259991814108,15,14,18,"joeburrow",304.32823765,101.516952514648,0.36417768502845,-20.643911478125,6,36.1853332519531,65.3316192626953,101.516952514648,0.129809756589943,0.234367928438507,0.36417768502845,53.5,5,-13,-12,-9,-8,-10,-9,-9
"193","00-0033106","Jared Goff","QB","DET",15,23,282.438201904297,16.6140118767233,255.931823730469,277.396179199219,296.431427001953,15.0548131606158,16.3174223058364,17.4371427648208,8,15,23,"jaredgoff",269.06403073,40.4996032714844,0.145999138807167,13.3741711742969,17,19.0352478027344,21.46435546875,40.4996032714844,0.0686211607444807,0.0773779780626858,0.145999138807167,136.6,16,-7,-6,1,2,8,9,1
"194","00-0034855","Baker Mayfield","QB","TB",16,25,270.795318603516,15.9291363884421,241.902893066406,282.201751708984,309.173248291016,14.2295819450827,16.600103041705,18.1866616641774,11,12,19,"bakermayfield",264.72767204,67.2703552246094,0.238376816647052,6.06764656351561,20,26.9714965820312,40.2988586425781,67.2703552246094,0.0955752273637377,0.142801589283314,0.238376816647052,146.4,18,-1,1,6,8,7,9,2
"195","00-0035710","Daniel Jones","QB","IND",17,26,270.681182861328,15.9224225212546,207.424530029297,269.749572753906,319.8017578125,12.2014429428998,15.8676219267004,18.8118681066176,17,17,14,"danieljones",266.58418767,112.377227783203,0.416598353190814,4.09699519132812,18,50.0521850585938,62.3250427246094,112.377227783203,0.18555056287061,0.231047790320205,0.416598353190814,160.3,21,7,4,4,1,4,1,4
"196","00-0036264","Jordan Love","QB","GB",18,27,268.442718505859,15.7907481474035,243.601165771484,267.115783691406,292.462860107422,14.3294803394991,15.712693158318,17.2036976533778,10,19,24,"jordanlove",263.44221537,48.8616943359375,0.182923276418538,5.00050313585939,21,25.3470764160156,23.5146179199218,48.8616943359375,0.0948917209823086,0.0880315554362292,0.182923276418538,155.2,20,-4,-3,1,2,10,11,2
"197","00-0033119","Jacoby Brissett","QB","ARI",19,29,266.798278808594,15.6940164005055,197.851577758789,261.982391357422,285.588104248047,11.6383281034582,15.4107289033778,16.7993002498851,18,20,28,"jacobybrissett",198.53317561,87.7365264892578,0.334894746302087,68.2651031985937,28,23.605712890625,64.1308135986328,87.7365264892578,0.0901041965771653,0.244790549724922,0.334894746302087,169.9,27,-1,0,7,8,9,10,8
"198","00-0039163","C.J. Stroud","QB","HOU",20,33,248.42594909668,14.6132911233341,192.696090698242,239.090225219727,307.941741943359,11.3350641587201,14.064130895278,18.1142201143153,20,24,20,"cjstroud",246.0558333,115.245651245117,0.482017410536985,2.3701157966797,22,68.8515167236328,46.3941345214844,115.245651245117,0.287972946867056,0.194044463669929,0.482017410536985,165.4,23,3,2,-1,-2,3,2,3
"199","00-0034869","Sam Darnold","QB","SEA",21,38,239.731536865234,14.1018551097197,210.116714477539,255.239852905273,301.051483154297,12.3598067339729,15.0141089944278,17.7089107737822,16,21,22,"samdarnold",242.53529056,90.9347686767578,0.356271826839307,-2.80375369476559,23,45.8116302490234,45.1231384277344,90.9347686767578,0.179484628781797,0.17678719805751,0.356271826839307,162.5,22,0,1,1,2,6,7,1
"200","00-0040743","Tyler Shough","QB","NO",22,39,239.555557250977,14.0915033677045,156.908584594727,219.218124389648,282.84228515625,9.22991674086627,12.8951837876264,16.6377814797794,24,30,30,"tylershough",265.55383082,125.933700561523,0.574467557881679,-25.9982735690234,19,63.6241607666016,62.3095397949219,125.933700561523,0.29023221024149,0.284235347640189,0.574467557881679,152.3,19,-11,-11,-11,-11,-5,-5,-3
"201","00-0035228","Kyler Murray","QB","MIN",24,42,233.491119384766,13.7347717285156,123.189735412598,234.1298828125,303.148071289062,7.24645502427045,13.7723460477941,17.8322394875919,32,28,21,"kylermurray",283.38791842,179.958335876465,0.768626087856467,-49.8967990352344,15,69.0181884765625,110.940147399902,179.958335876465,0.294785901088221,0.473840186768245,0.768626087856467,137.2,17,-4,-6,-11,-13,-15,-17,-7
"202","00-0037834","Brock Purdy","QB","SF",26,49,225.881042480469,13.2871201459099,128.213714599609,267.322906494141,316.085266113281,7.54198321174173,15.7248768525965,18.5932509478401,30,18,17,"brockpurdy",292.04553947,187.871551513672,0.702788825610011,-66.1644969895312,10,48.7623596191406,139.109191894531,187.871551513672,0.182409956029,0.520378869581011,0.702788825610011,110.3,15,-2,-7,-3,-8,-15,-20,-11
"203","00-0023459","Aaron Rodgers","QB","PIT",27,53,221.916915893555,13.0539362290326,173.059967041016,252.449035644531,282.602233886719,10.1799980612362,14.8499432732077,16.6236608168658,22,22,31,"aaronrodgers",218.83449964,109.542266845703,0.433918341442776,3.0824162535547,27,30.1531982421875,79.3890686035156,109.542266845703,0.119442715101695,0.31447562634108,0.433918341442776,169.2,25,-6,-4,3,5,3,5,-2
"204","00-0040676","Cam Ward","QB","TEN",28,54,221.377243041992,13.022190767176,156.770751953125,236.216171264648,289.335266113281,9.22180893841912,13.8950688979205,17.0197215360754,25,27,25,"camward",219.56489345,132.564514160156,0.561199995116488,1.81234959199219,26,53.1190948486328,79.4454193115234,132.564514160156,0.224874929452311,0.336325065664177,0.561199995116488,169.2,25,0,1,-2,-1,0,1,-3
"205","00-0039917","Michael Penix Jr.","QB","ATL",30,56,220.770446777344,12.9864968692555,130.233795166016,217.288391113281,286.822692871094,7.66081148035386,12.7816700654871,16.8719231100643,29,31,27,"michaelpenix",113.20608226,156.588897705078,0.720650085827374,107.564364517344,31,69.5343017578125,87.0545959472656,156.588897705078,0.320009280760708,0.400640805066666,0.720650085827374,170.1,29,2,4,-2,0,0,2,-1
"206","00-0030565","Geno Smith","QB","NYJ",34,98,180.98747253418,10.6463219137753,137.236938476562,198.675750732422,264.581909179688,8.07276108685662,11.686808866613,15.5636417164522,27,34,35,"genosmith",233.16272396,127.344970703125,0.640968866274145,-52.1752514258203,25,65.9061584472656,61.4388122558594,127.344970703125,0.331727240009419,0.309241626264726,0.640968866274145,170.1,29,-6,-10,-5,-9,2,-2,-5
"207","00-0036212","Tua Tagovailoa","QB","ATL",36,104,176.042343139648,10.3554319493911,139.088302612305,195.208557128906,265.712799072266,8.18166485954733,11.4828563017004,15.6301646513097,26,35,34,"tuatagovailoa",115.24569583,126.624496459961,0.648662632019478,60.7966473096484,30,70.5042419433594,56.1202545166016,126.624496459961,0.361173931001405,0.287488701018073,0.648662632019478,170.1,29,-5,-4,-6,-5,3,4,-7
"208","00-0038128","Malik Willis","QB","MIA",39,132,154.850891113281,9.10887594784007,54.9226837158203,177.308181762695,230.413986206055,3.23074610093061,10.4298930448644,13.5537638944738,40,38,42,"malikwillis",239.77663465,175.491302490234,0.989752986836825,-84.9257435367188,24,53.1058044433594,122.385498046875,175.491302490234,0.299511302385554,0.690241684451271,0.989752986836825,167.6,24,-18,-18,-14,-14,-16,-16,-15
"209","00-0040668","Shedeur Sanders","QB","CLE",53,189,120.692741394043,7.099573023179,38.5317611694336,136.470031738281,191.474670410156,2.26657418643727,8.02764892578125,11.2632159064798,46,47,55,"shedeursanders",142.55510857,152.942909240723,1.12070692219104,-21.862367175957,29,55.004638671875,97.9382705688477,152.942909240723,0.403052875208247,0.717654046982792,1.12070692219104,169.9,27,-28,-26,-20,-18,-19,-17,-26
